frame,total_vehicles,cars,motorcycles,buses,trucks,bicycles,people,total_detections,frame_num,congestion
frame_0.jpg,33,25,1,5,2,0,0,33,0,Critical
frame_4.jpg,28,22,0,4,2,0,0,28,4,Critical
frame_8.jpg,30,24,0,4,2,0,0,30,8,Critical
frame_10.jpg,34,24,0,9,1,0,2,36,10,Critical
frame_12.jpg,31,23,0,5,3,0,0,31,12,Critical
frame_14.jpg,35,25,0,9,1,0,2,37,14,Critical
frame_16.jpg,36,29,1,3,3,0,0,36,16,Critical
frame_18.jpg,32,24,0,7,1,0,1,33,18,Critical
frame_20.jpg,30,22,0,7,1,0,1,31,20,Critical
frame_24.jpg,34,22,1,9,2,0,1,35,24,Critical
frame_28.jpg,31,23,0,7,1,0,0,31,28,Critical
frame_32.jpg,42,34,0,4,4,0,0,42,32,Critical
frame_36.jpg,34,28,0,3,3,0,1,35,36,Critical
frame_40.jpg,35,29,0,4,2,0,0,35,40,Critical
frame_44.jpg,35,29,0,4,2,0,0,35,44,Critical
frame_48.jpg,29,23,0,4,2,0,0,29,48,Critical
frame_52.jpg,32,26,0,4,2,0,0,32,52,Critical
frame_56.jpg,34,29,0,4,1,0,0,34,56,Critical
frame_60.jpg,34,29,0,4,1,0,0,34,60,Critical
frame_64.jpg,30,25,0,4,1,0,0,30,64,Critical
frame_68.jpg,28,24,0,3,1,0,0,28,68,Critical
frame_72.jpg,32,29,0,3,0,0,0,32,72,Critical
frame_76.jpg,29,26,0,3,0,0,0,29,76,Critical
frame_80.jpg,29,25,0,4,0,0,0,29,80,Critical
frame_84.jpg,27,24,0,3,0,0,0,27,84,Critical
frame_88.jpg,25,22,0,3,0,0,1,26,88,High
frame_92.jpg,28,23,1,4,0,0,1,29,92,Critical
frame_96.jpg,30,26,0,4,0,0,1,31,96,Critical
frame_100.jpg,34,29,0,5,0,0,1,35,100,Critical
frame_104.jpg,41,32,1,4,4,0,0,41,104,Critical
frame_108.jpg,34,27,0,5,2,0,1,35,108,Critical
frame_112.jpg,32,22,0,8,2,0,1,33,112,Critical
frame_116.jpg,39,27,0,11,1,0,1,40,116,Critical
frame_120.jpg,35,23,0,11,1,0,1,36,120,Critical
frame_124.jpg,36,26,0,9,1,0,1,37,124,Critical
frame_128.jpg,35,26,0,8,1,0,1,36,128,Critical
frame_132.jpg,38,30,0,7,1,0,1,39,132,Critical
frame_136.jpg,41,32,0,7,2,0,1,42,136,Critical
frame_140.jpg,41,30,0,9,2,0,1,42,140,Critical
frame_144.jpg,31,23,0,7,1,0,1,32,144,Critical
frame_148.jpg,41,35,0,5,1,0,1,42,148,Critical
frame_152.jpg,41,34,0,5,2,0,2,43,152,Critical
frame_156.jpg,42,35,0,5,2,0,1,43,156,Critical
frame_160.jpg,45,32,2,10,1,0,2,47,160,Critical
frame_164.jpg,39,29,0,9,1,0,1,40,164,Critical
frame_168.jpg,40,30,0,9,1,0,1,41,168,Critical
frame_172.jpg,43,35,1,5,2,0,2,45,172,Critical
frame_176.jpg,41,30,2,8,1,0,3,44,176,Critical
frame_180.jpg,44,32,1,10,1,0,2,46,180,Critical
frame_184.jpg,37,27,2,6,2,0,1,38,184,Critical
frame_188.jpg,32,22,1,7,2,0,3,35,188,Critical
frame_192.jpg,36,28,1,6,1,0,2,38,192,Critical
frame_196.jpg,45,35,2,7,1,0,2,47,196,Critical
frame_200.jpg,39,28,0,8,3,0,0,39,200,Critical
frame_204.jpg,33,23,0,6,4,0,0,33,204,Critical
frame_208.jpg,33,24,0,5,4,0,0,33,208,Critical
frame_212.jpg,29,20,0,8,1,0,1,30,212,Critical
frame_216.jpg,27,19,0,6,2,0,0,27,216,Critical
frame_220.jpg,25,18,0,6,1,0,0,25,220,High
frame_224.jpg,25,19,0,5,1,0,0,25,224,High
frame_228.jpg,27,20,0,6,1,0,1,28,228,Critical
frame_232.jpg,24,19,0,4,1,0,0,24,232,High
frame_236.jpg,28,20,0,7,1,0,0,28,236,Critical
frame_240.jpg,26,19,0,6,1,0,1,27,240,Critical
frame_244.jpg,26,18,0,7,1,0,2,28,244,Critical
frame_248.jpg,28,19,0,8,1,0,2,30,248,Critical
frame_252.jpg,32,24,0,7,1,0,1,33,252,Critical
frame_256.jpg,33,25,0,7,1,0,1,34,256,Critical
frame_260.jpg,25,15,0,8,2,0,0,25,260,High
frame_264.jpg,25,17,0,7,1,0,0,25,264,High
frame_268.jpg,25,16,0,8,1,0,0,25,268,High
frame_272.jpg,24,17,0,7,0,0,0,24,272,High
frame_276.jpg,28,21,0,7,0,0,0,28,276,Critical
frame_280.jpg,28,22,0,6,0,0,0,28,280,Critical
frame_284.jpg,31,25,0,6,0,0,0,31,284,Critical
frame_288.jpg,23,18,0,5,0,0,0,23,288,High
frame_292.jpg,28,21,0,7,0,0,0,28,292,Critical
frame_296.jpg,28,19,0,9,0,0,0,28,296,Critical
frame_300.jpg,33,25,1,4,3,0,0,33,300,Critical
frame_304.jpg,34,27,1,4,2,0,1,35,304,Critical
frame_308.jpg,26,19,1,2,4,0,0,26,308,Critical
frame_312.jpg,25,20,1,2,2,0,1,26,312,High
frame_316.jpg,28,21,1,3,3,0,0,28,316,Critical
frame_320.jpg,31,27,1,3,0,0,0,31,320,Critical
frame_324.jpg,31,27,1,2,1,0,1,32,324,Critical
frame_328.jpg,30,26,0,3,1,0,1,31,328,Critical
frame_332.jpg,34,29,0,3,2,0,0,34,332,Critical
frame_336.jpg,33,29,0,3,1,0,0,33,336,Critical
frame_340.jpg,33,28,0,4,1,0,0,33,340,Critical
frame_344.jpg,37,32,0,4,1,0,0,37,344,Critical
frame_348.jpg,34,29,0,4,1,0,0,34,348,Critical
frame_352.jpg,30,26,0,4,0,0,1,31,352,Critical
frame_356.jpg,32,28,0,4,0,0,0,32,356,Critical
frame_360.jpg,35,31,0,4,0,0,1,36,360,Critical
frame_364.jpg,37,33,0,4,0,0,3,40,364,Critical
frame_368.jpg,31,27,0,4,0,0,0,31,368,Critical
frame_372.jpg,29,25,0,4,0,0,0,29,372,Critical
frame_376.jpg,37,32,0,5,0,0,0,37,376,Critical
frame_380.jpg,31,27,0,4,0,0,1,32,380,Critical
frame_384.jpg,29,24,0,5,0,0,0,29,384,Critical
frame_388.jpg,31,26,0,4,1,0,0,31,388,Critical
frame_392.jpg,35,29,0,4,2,0,0,35,392,Critical
frame_396.jpg,32,28,0,4,0,0,0,32,396,Critical
frame_400.jpg,32,27,0,4,1,0,0,32,400,Critical
frame_404.jpg,35,31,0,4,0,0,0,35,404,Critical
frame_408.jpg,28,23,0,4,1,0,0,28,408,Critical
frame_412.jpg,30,25,0,4,1,0,1,31,412,Critical
frame_416.jpg,33,27,0,5,1,0,1,34,416,Critical
frame_420.jpg,32,27,0,5,0,0,0,32,420,Critical
frame_424.jpg,38,32,0,5,1,0,1,39,424,Critical
frame_428.jpg,32,27,0,5,0,0,1,33,428,Critical
frame_432.jpg,32,27,0,5,0,0,0,32,432,Critical
frame_436.jpg,32,26,0,5,1,0,0,32,436,Critical
frame_440.jpg,32,28,0,4,0,0,1,33,440,Critical
frame_444.jpg,28,24,0,4,0,0,1,29,444,Critical
frame_448.jpg,30,24,0,5,1,0,0,30,448,Critical
frame_452.jpg,31,25,0,5,1,0,0,31,452,Critical
frame_456.jpg,30,26,0,4,0,0,1,31,456,Critical
frame_460.jpg,33,28,0,5,0,0,1,34,460,Critical
frame_464.jpg,34,29,0,4,1,0,2,36,464,Critical
frame_468.jpg,36,31,0,4,1,0,1,37,468,Critical
frame_472.jpg,33,29,0,4,0,0,1,34,472,Critical
frame_476.jpg,33,30,0,3,0,0,0,33,476,Critical
frame_480.jpg,31,26,0,5,0,0,0,31,480,Critical
frame_484.jpg,31,26,0,5,0,0,0,31,484,Critical
frame_488.jpg,35,27,0,8,0,0,0,35,488,Critical
frame_492.jpg,34,26,0,8,0,0,0,34,492,Critical
frame_496.jpg,37,29,0,8,0,0,1,38,496,Critical
frame_500.jpg,33,23,0,10,0,0,0,33,500,Critical
frame_504.jpg,34,26,0,8,0,0,0,34,504,Critical
frame_508.jpg,35,28,0,7,0,0,1,36,508,Critical
frame_512.jpg,36,32,0,4,0,0,0,36,512,Critical
frame_516.jpg,41,34,0,7,0,0,0,41,516,Critical
frame_520.jpg,37,29,1,6,1,0,1,38,520,Critical
frame_524.jpg,39,27,1,10,1,0,0,39,524,Critical
frame_528.jpg,37,28,0,8,1,0,0,37,528,Critical
frame_532.jpg,35,26,1,7,1,0,0,35,532,Critical
frame_536.jpg,37,27,1,8,1,0,1,38,536,Critical
frame_540.jpg,40,33,0,6,1,0,1,41,540,Critical
frame_544.jpg,41,34,0,6,1,0,0,41,544,Critical
frame_548.jpg,40,32,0,7,1,0,0,40,548,Critical
frame_552.jpg,36,27,0,8,1,0,0,36,552,Critical
frame_556.jpg,33,26,0,6,1,0,1,34,556,Critical
frame_560.jpg,37,30,0,6,1,0,1,38,560,Critical
frame_564.jpg,40,33,0,6,1,0,1,41,564,Critical
frame_568.jpg,36,29,0,5,2,0,1,37,568,Critical
frame_572.jpg,40,32,0,7,1,0,0,40,572,Critical
frame_576.jpg,42,35,0,6,1,0,0,42,576,Critical
frame_580.jpg,40,38,0,2,0,0,0,40,580,Critical
frame_584.jpg,39,34,1,3,1,0,0,39,584,Critical
frame_588.jpg,34,31,0,2,1,0,0,34,588,Critical
frame_592.jpg,37,31,1,3,2,0,0,37,592,Critical
frame_596.jpg,36,29,0,5,2,0,0,36,596,Critical
frame_600.jpg,38,30,0,5,3,0,1,39,600,Critical
frame_604.jpg,37,30,1,3,3,0,2,39,604,Critical
frame_608.jpg,38,32,0,4,2,0,0,38,608,Critical
frame_612.jpg,40,34,1,5,0,0,1,41,612,Critical
frame_616.jpg,34,28,1,4,1,0,0,34,616,Critical
frame_620.jpg,38,34,0,3,1,0,1,39,620,Critical
frame_624.jpg,36,32,0,3,1,0,0,36,624,Critical
frame_628.jpg,34,28,0,4,2,0,1,35,628,Critical
frame_632.jpg,33,28,0,3,2,0,1,34,632,Critical
frame_636.jpg,32,26,0,4,2,0,2,34,636,Critical
frame_640.jpg,33,25,0,5,3,0,1,34,640,Critical
frame_644.jpg,37,30,0,6,1,0,0,37,644,Critical
frame_648.jpg,34,28,0,5,1,0,1,35,648,Critical
frame_652.jpg,32,27,0,4,1,0,1,33,652,Critical
frame_656.jpg,35,28,1,4,2,0,1,36,656,Critical
frame_660.jpg,31,24,0,5,2,0,1,32,660,Critical
frame_664.jpg,34,29,0,5,0,0,1,35,664,Critical
frame_668.jpg,33,26,0,6,1,0,0,33,668,Critical
frame_672.jpg,33,28,0,5,0,0,0,33,672,Critical
frame_676.jpg,33,27,0,4,2,0,0,33,676,Critical
frame_680.jpg,33,28,0,5,0,0,1,34,680,Critical
frame_684.jpg,35,29,0,5,1,0,0,35,684,Critical
frame_688.jpg,28,23,0,4,1,0,0,28,688,Critical
frame_692.jpg,34,28,0,5,1,0,1,35,692,Critical
frame_696.jpg,28,23,0,5,0,0,1,29,696,Critical
frame_700.jpg,31,24,0,6,1,0,1,32,700,Critical
frame_704.jpg,33,25,0,7,1,0,1,34,704,Critical
frame_708.jpg,33,25,0,7,1,0,1,34,708,Critical
frame_712.jpg,35,28,0,5,2,0,2,37,712,Critical
frame_716.jpg,38,30,0,6,2,0,1,39,716,Critical
frame_720.jpg,32,24,0,6,2,0,1,33,720,Critical
frame_724.jpg,33,27,0,5,1,0,2,35,724,Critical
frame_728.jpg,30,24,0,5,1,0,3,33,728,Critical
frame_732.jpg,37,29,0,5,3,0,2,39,732,Critical
frame_736.jpg,35,25,0,7,3,0,3,38,736,Critical
frame_740.jpg,31,24,0,4,3,0,2,33,740,Critical
frame_744.jpg,32,25,0,4,3,0,2,34,744,Critical
frame_748.jpg,27,22,0,3,2,0,1,28,748,Critical
frame_752.jpg,34,25,1,4,4,0,2,36,752,Critical
frame_756.jpg,36,28,0,6,2,0,1,37,756,Critical
frame_760.jpg,34,25,0,6,3,0,1,35,760,Critical
frame_764.jpg,33,22,1,8,2,0,2,35,764,Critical
frame_768.jpg,32,20,1,9,2,0,2,34,768,Critical
frame_772.jpg,33,20,1,9,3,0,1,34,772,Critical
frame_776.jpg,34,22,1,9,2,0,0,34,776,Critical
frame_780.jpg,32,23,0,7,2,0,1,33,780,Critical
frame_784.jpg,33,25,0,7,1,0,1,34,784,Critical
frame_788.jpg,34,26,0,7,1,0,1,35,788,Critical
frame_792.jpg,32,22,0,7,3,0,1,33,792,Critical
frame_796.jpg,29,24,0,4,1,0,1,30,796,Critical
frame_800.jpg,27,21,0,5,1,0,1,28,800,Critical
frame_804.jpg,30,23,0,6,1,0,1,31,804,Critical
frame_808.jpg,31,25,0,5,1,0,1,32,808,Critical
frame_812.jpg,36,28,1,6,1,0,1,37,812,Critical
frame_816.jpg,32,25,0,6,1,0,1,33,816,Critical
frame_820.jpg,33,23,1,7,2,0,1,34,820,Critical
frame_824.jpg,32,24,0,6,2,0,1,33,824,Critical
frame_828.jpg,29,21,0,6,2,0,0,29,828,Critical
frame_832.jpg,35,27,0,6,2,0,1,36,832,Critical
frame_836.jpg,35,27,0,6,2,0,1,36,836,Critical
frame_840.jpg,31,25,0,4,2,0,1,32,840,Critical
frame_844.jpg,29,23,0,5,1,0,1,30,844,Critical
frame_848.jpg,28,23,0,4,1,0,1,29,848,Critical
frame_852.jpg,28,21,0,5,2,0,1,29,852,Critical
frame_856.jpg,26,18,0,6,2,0,1,27,856,Critical
frame_860.jpg,28,22,0,4,2,0,1,29,860,Critical
frame_864.jpg,28,23,0,3,2,0,1,29,864,Critical
frame_868.jpg,30,24,0,4,2,0,1,31,868,Critical
frame_872.jpg,27,21,0,3,3,0,1,28,872,Critical
frame_876.jpg,28,22,0,5,1,0,1,29,876,Critical
frame_880.jpg,29,25,0,3,1,0,1,30,880,Critical
frame_884.jpg,29,25,0,2,2,0,0,29,884,Critical
frame_888.jpg,26,22,0,2,2,0,0,26,888,Critical
frame_892.jpg,25,21,0,2,2,0,0,25,892,High
frame_896.jpg,26,20,0,3,3,0,0,26,896,Critical
frame_900.jpg,25,20,0,3,2,0,1,26,900,High
frame_904.jpg,22,19,0,2,1,0,0,22,904,High
frame_908.jpg,21,19,0,1,1,0,1,22,908,High
frame_912.jpg,26,23,0,2,1,0,1,27,912,Critical
frame_916.jpg,27,24,0,3,0,0,1,28,916,Critical
frame_920.jpg,28,23,0,2,3,0,1,29,920,Critical
frame_924.jpg,26,22,0,3,1,0,0,26,924,Critical
frame_928.jpg,29,25,0,3,1,0,1,30,928,Critical
frame_932.jpg,26,23,0,2,1,0,0,26,932,Critical
frame_936.jpg,29,25,0,3,1,0,1,30,936,Critical
frame_940.jpg,30,26,0,3,1,0,0,30,940,Critical
frame_944.jpg,24,20,0,4,0,0,0,24,944,High
frame_948.jpg,22,20,0,2,0,0,0,22,948,High
frame_952.jpg,25,20,1,3,1,0,1,26,952,High
frame_956.jpg,27,23,0,3,1,0,1,28,956,Critical
frame_960.jpg,27,24,0,3,0,0,0,27,960,Critical
frame_964.jpg,28,23,0,4,1,0,0,28,964,Critical
frame_968.jpg,28,23,0,4,1,0,0,28,968,Critical
frame_972.jpg,24,20,0,3,1,0,0,24,972,High
frame_976.jpg,26,21,1,3,1,0,1,27,976,Critical
frame_980.jpg,25,19,0,5,1,0,1,26,980,High
frame_984.jpg,26,21,1,3,1,0,0,26,984,Critical
frame_988.jpg,25,18,0,6,1,0,1,26,988,High
frame_992.jpg,23,18,0,5,0,0,1,24,992,High
frame_996.jpg,20,17,0,3,0,0,0,20,996,High
frame_1000.jpg,21,17,0,4,0,0,1,22,1000,High
frame_1004.jpg,23,17,0,6,0,0,1,24,1004,High
frame_1008.jpg,28,19,0,8,1,0,1,29,1008,Critical
frame_1012.jpg,27,18,0,8,1,0,1,28,1012,Critical
frame_1016.jpg,26,19,0,6,1,0,1,27,1016,Critical
frame_1020.jpg,30,23,0,6,1,0,1,31,1020,Critical
frame_1024.jpg,26,20,0,5,1,0,0,26,1024,Critical
frame_1028.jpg,25,18,0,6,1,0,1,26,1028,High
frame_1032.jpg,26,19,0,6,1,0,0,26,1032,Critical
frame_1036.jpg,26,21,0,4,1,0,0,26,1036,Critical
frame_1040.jpg,28,23,0,4,1,0,0,28,1040,Critical
frame_1044.jpg,28,22,0,6,0,0,0,28,1044,Critical
frame_1048.jpg,31,23,0,6,2,0,0,31,1048,Critical
frame_1052.jpg,31,24,0,6,1,0,1,32,1052,Critical
frame_1056.jpg,31,25,1,4,1,0,1,32,1056,Critical
frame_1060.jpg,36,30,0,5,1,0,2,38,1060,Critical
frame_1064.jpg,28,24,0,4,0,0,0,28,1064,Critical
frame_1068.jpg,30,26,1,3,0,0,1,31,1068,Critical
frame_1072.jpg,31,24,2,5,0,0,0,31,1072,Critical
frame_1076.jpg,34,27,1,5,1,0,1,35,1076,Critical
frame_1080.jpg,27,25,0,2,0,0,2,29,1080,Critical
frame_1084.jpg,28,24,1,3,0,0,1,29,1084,Critical
frame_1088.jpg,25,22,1,2,0,0,0,25,1088,High
frame_1092.jpg,28,25,1,2,0,0,0,28,1092,Critical
frame_1096.jpg,27,23,0,3,1,0,0,27,1096,Critical
frame_1100.jpg,41,29,2,8,2,0,2,43,1100,Critical
frame_1104.jpg,42,29,2,8,3,0,2,44,1104,Critical
frame_1108.jpg,38,30,1,5,2,0,3,41,1108,Critical
frame_1112.jpg,42,30,1,7,4,0,1,43,1112,Critical
frame_1116.jpg,38,28,0,7,3,0,1,39,1116,Critical
frame_1120.jpg,43,35,1,6,1,0,1,44,1120,Critical
frame_1124.jpg,40,29,1,8,2,0,3,43,1124,Critical
frame_1128.jpg,44,33,0,9,2,0,3,47,1128,Critical
frame_1132.jpg,41,31,1,8,1,0,3,44,1132,Critical
frame_1136.jpg,43,35,1,6,1,0,2,45,1136,Critical
frame_1140.jpg,41,33,1,7,0,0,2,43,1140,Critical
frame_1144.jpg,45,36,0,6,3,0,3,48,1144,Critical
frame_1148.jpg,40,35,0,5,0,0,3,43,1148,Critical
frame_1152.jpg,43,34,0,7,2,0,1,44,1152,Critical
frame_1156.jpg,44,34,0,7,3,0,3,47,1156,Critical
frame_1160.jpg,46,37,0,7,2,0,3,49,1160,Critical
frame_1164.jpg,47,37,1,6,3,0,2,49,1164,Critical
frame_1168.jpg,42,35,1,4,2,0,3,45,1168,Critical
frame_1172.jpg,43,35,1,3,4,0,1,44,1172,Critical
frame_1176.jpg,38,33,0,2,3,0,3,41,1176,Critical
frame_1180.jpg,45,37,0,5,3,0,1,46,1180,Critical
frame_1184.jpg,44,40,0,2,2,0,3,47,1184,Critical
frame_1188.jpg,42,37,0,2,3,0,2,44,1188,Critical
frame_1192.jpg,42,35,0,4,3,0,2,44,1192,Critical
frame_1196.jpg,43,38,0,3,2,0,3,46,1196,Critical
frame_1200.jpg,42,36,0,4,2,0,2,44,1200,Critical
frame_1204.jpg,42,34,1,4,3,0,1,43,1204,Critical
frame_1208.jpg,40,34,0,3,3,0,1,41,1208,Critical
frame_1212.jpg,43,35,1,5,2,0,1,44,1212,Critical
frame_1216.jpg,41,34,1,5,1,0,2,43,1216,Critical
frame_1220.jpg,47,38,1,4,4,0,3,50,1220,Critical
frame_1224.jpg,40,34,0,5,1,0,3,43,1224,Critical
frame_1228.jpg,43,33,0,7,3,0,2,45,1228,Critical
frame_1232.jpg,37,30,0,6,1,0,1,38,1232,Critical
frame_1236.jpg,41,33,0,6,2,0,1,42,1236,Critical
frame_1240.jpg,42,36,0,4,2,0,1,43,1240,Critical
frame_1244.jpg,41,34,0,6,1,0,1,42,1244,Critical
frame_1248.jpg,38,32,0,6,0,0,1,39,1248,Critical
frame_1252.jpg,40,32,0,6,2,0,1,41,1252,Critical
frame_1256.jpg,42,34,0,6,2,0,1,43,1256,Critical
frame_1260.jpg,42,34,0,5,3,0,1,43,1260,Critical
frame_1264.jpg,41,33,0,5,3,0,3,44,1264,Critical
frame_1268.jpg,37,31,0,5,1,0,1,38,1268,Critical
frame_1272.jpg,39,31,0,5,3,0,1,40,1272,Critical
frame_1276.jpg,39,31,0,7,1,0,1,40,1276,Critical
frame_1280.jpg,39,31,0,7,1,0,0,39,1280,Critical
frame_1284.jpg,42,32,0,9,1,0,0,42,1284,Critical
frame_1288.jpg,39,29,0,8,2,0,0,39,1288,Critical
frame_1292.jpg,39,28,0,10,1,0,0,39,1292,Critical
frame_1296.jpg,39,27,0,10,2,0,1,40,1296,Critical
frame_1300.jpg,38,26,0,10,2,0,1,39,1300,Critical
frame_1304.jpg,40,31,0,8,1,0,1,41,1304,Critical
frame_1308.jpg,38,30,0,7,1,0,1,39,1308,Critical
frame_1312.jpg,36,25,0,11,0,0,1,37,1312,Critical
frame_1316.jpg,35,26,0,9,0,0,1,36,1316,Critical
frame_1320.jpg,38,30,0,8,0,0,0,38,1320,Critical
frame_1324.jpg,34,26,0,8,0,0,1,35,1324,Critical
frame_1328.jpg,35,26,0,9,0,0,1,36,1328,Critical
frame_1332.jpg,31,24,0,7,0,0,0,31,1332,Critical
frame_1336.jpg,37,27,0,10,0,0,0,37,1336,Critical
frame_1340.jpg,37,25,0,11,1,0,1,38,1340,Critical
frame_1344.jpg,36,27,0,9,0,0,0,36,1344,Critical
frame_1348.jpg,36,31,0,5,0,0,0,36,1348,Critical
frame_1352.jpg,38,29,0,9,0,0,0,38,1352,Critical
frame_1356.jpg,35,28,0,7,0,0,1,36,1356,Critical
frame_1360.jpg,37,26,0,11,0,0,0,37,1360,Critical
frame_1364.jpg,31,22,0,9,0,0,0,31,1364,Critical
frame_1368.jpg,31,22,0,9,0,0,1,32,1368,Critical
frame_1372.jpg,36,27,0,9,0,0,3,39,1372,Critical
frame_1376.jpg,44,35,0,8,1,0,2,46,1376,Critical
frame_1380.jpg,43,34,0,8,1,0,3,46,1380,Critical
frame_1384.jpg,42,34,0,7,1,0,2,44,1384,Critical
frame_1388.jpg,39,32,0,7,0,0,3,42,1388,Critical
frame_1392.jpg,40,34,0,6,0,0,2,42,1392,Critical
frame_1396.jpg,41,33,1,7,0,0,2,43,1396,Critical
frame_1400.jpg,43,36,0,7,0,0,1,44,1400,Critical
frame_1404.jpg,41,35,0,6,0,0,3,44,1404,Critical
frame_1408.jpg,42,35,0,7,0,0,5,47,1408,Critical
frame_1412.jpg,43,34,1,7,1,0,2,45,1412,Critical
frame_1416.jpg,41,33,0,7,1,0,2,43,1416,Critical
frame_1420.jpg,39,31,0,7,1,0,2,41,1420,Critical
frame_1424.jpg,41,30,0,10,1,0,1,42,1424,Critical
frame_1428.jpg,41,32,0,8,1,0,0,41,1428,Critical
frame_1432.jpg,39,29,0,8,2,0,1,40,1432,Critical
frame_1436.jpg,38,28,0,9,1,0,1,39,1436,Critical
frame_1440.jpg,39,28,1,10,0,0,1,40,1440,Critical
frame_1444.jpg,36,25,0,11,0,0,2,38,1444,Critical
frame_1448.jpg,38,26,0,10,2,0,1,39,1448,Critical
frame_1452.jpg,37,27,0,7,3,0,2,39,1452,Critical
frame_1456.jpg,40,29,0,8,3,0,2,42,1456,Critical
frame_1460.jpg,37,25,0,10,2,0,0,37,1460,Critical
frame_1464.jpg,37,26,0,8,3,0,0,37,1464,Critical
frame_1468.jpg,39,25,0,11,3,0,1,40,1468,Critical
frame_1472.jpg,34,22,0,9,3,0,4,38,1472,Critical
frame_1476.jpg,37,24,0,10,3,0,2,39,1476,Critical
frame_1480.jpg,36,20,0,10,6,0,3,39,1480,Critical
frame_1484.jpg,36,22,0,11,3,0,3,39,1484,Critical
frame_1488.jpg,37,24,0,11,2,0,3,40,1488,Critical
frame_1492.jpg,34,21,0,12,1,0,4,38,1492,Critical
frame_1496.jpg,40,27,0,13,0,0,4,44,1496,Critical
frame_1500.jpg,42,28,0,13,1,0,4,46,1500,Critical
frame_1504.jpg,39,26,0,13,0,0,4,43,1504,Critical
frame_1508.jpg,39,26,0,12,1,0,4,43,1508,Critical
frame_1512.jpg,38,22,0,15,1,0,3,41,1512,Critical
frame_1516.jpg,37,21,0,15,1,0,2,39,1516,Critical
frame_1520.jpg,36,22,0,14,0,0,2,38,1520,Critical
frame_1524.jpg,37,23,0,13,1,0,2,39,1524,Critical
frame_1528.jpg,35,22,0,13,0,0,2,37,1528,Critical
frame_1532.jpg,30,18,0,12,0,0,2,32,1532,Critical
frame_1536.jpg,31,17,0,14,0,0,2,33,1536,Critical
frame_1540.jpg,34,21,0,13,0,0,2,36,1540,Critical
frame_1544.jpg,31,19,0,12,0,0,2,33,1544,Critical
frame_1548.jpg,29,19,0,10,0,0,2,31,1548,Critical
frame_1552.jpg,28,17,0,11,0,0,1,29,1552,Critical
frame_1556.jpg,28,17,0,11,0,0,0,28,1556,Critical
frame_1560.jpg,30,19,0,11,0,0,0,30,1560,Critical
frame_1564.jpg,28,17,0,11,0,0,1,29,1564,Critical
frame_1568.jpg,28,16,0,12,0,0,1,29,1568,Critical
frame_1572.jpg,31,19,0,12,0,0,2,33,1572,Critical
frame_1576.jpg,30,18,0,12,0,0,2,32,1576,Critical
frame_1580.jpg,30,19,0,11,0,0,1,31,1580,Critical
frame_1584.jpg,31,19,0,12,0,0,1,32,1584,Critical
frame_1588.jpg,30,19,0,11,0,0,1,31,1588,Critical
frame_1592.jpg,28,18,0,9,1,0,1,29,1592,Critical
frame_1596.jpg,30,21,0,9,0,0,1,31,1596,Critical
frame_1600.jpg,30,20,0,9,1,0,1,31,1600,Critical
frame_1604.jpg,34,24,0,8,2,0,0,34,1604,Critical
frame_1608.jpg,34,24,0,10,0,0,1,35,1608,Critical
frame_1612.jpg,30,21,0,9,0,0,1,31,1612,Critical
frame_1616.jpg,35,24,0,10,1,0,1,36,1616,Critical
frame_1620.jpg,28,18,0,10,0,0,1,29,1620,Critical
frame_1624.jpg,32,22,1,9,0,0,2,34,1624,Critical
frame_1628.jpg,28,19,0,9,0,0,1,29,1628,Critical
frame_1632.jpg,32,20,0,10,2,0,1,33,1632,Critical
frame_1636.jpg,33,20,1,11,1,0,1,34,1636,Critical
frame_1640.jpg,32,21,1,9,1,0,2,34,1640,Critical
frame_1644.jpg,35,25,0,10,0,0,2,37,1644,Critical
frame_1648.jpg,34,21,0,12,1,0,1,35,1648,Critical
frame_1652.jpg,38,26,0,12,0,0,1,39,1652,Critical
frame_1656.jpg,36,23,1,12,0,0,1,37,1656,Critical
frame_1660.jpg,35,23,0,12,0,0,1,36,1660,Critical
frame_1664.jpg,32,21,1,10,0,0,1,33,1664,Critical
frame_1668.jpg,27,16,0,11,0,0,1,28,1668,Critical
frame_1672.jpg,28,17,0,11,0,0,1,29,1672,Critical
frame_1676.jpg,26,15,0,11,0,0,1,27,1676,Critical
frame_1680.jpg,25,14,0,11,0,0,2,27,1680,High
frame_1684.jpg,28,17,0,11,0,0,1,29,1684,Critical
frame_1688.jpg,32,20,0,12,0,0,1,33,1688,Critical
frame_1692.jpg,34,24,0,10,0,0,1,35,1692,Critical
frame_1696.jpg,33,22,0,11,0,0,1,34,1696,Critical
frame_1700.jpg,37,26,0,11,0,0,1,38,1700,Critical
frame_1704.jpg,37,25,0,12,0,0,1,38,1704,Critical
frame_1708.jpg,39,27,0,12,0,0,1,40,1708,Critical
frame_1712.jpg,40,27,0,13,0,0,1,41,1712,Critical
frame_1716.jpg,35,23,0,11,1,0,2,37,1716,Critical
frame_1720.jpg,38,26,1,10,1,0,1,39,1720,Critical
frame_1724.jpg,38,26,0,11,1,0,1,39,1724,Critical
frame_1728.jpg,41,29,0,12,0,0,1,42,1728,Critical
frame_1732.jpg,37,24,1,11,1,0,0,37,1732,Critical
frame_1736.jpg,35,22,1,12,0,0,2,37,1736,Critical
frame_1740.jpg,37,25,1,11,0,0,1,38,1740,Critical
frame_1744.jpg,37,24,1,11,1,0,1,38,1744,Critical
frame_1748.jpg,36,24,0,11,1,0,1,37,1748,Critical
frame_1752.jpg,35,22,0,13,0,0,1,36,1752,Critical
frame_1756.jpg,35,21,0,12,2,0,1,36,1756,Critical
frame_1760.jpg,33,22,0,11,0,0,1,34,1760,Critical
frame_1764.jpg,37,26,0,11,0,0,1,38,1764,Critical
frame_1768.jpg,35,24,0,11,0,0,1,36,1768,Critical
frame_1772.jpg,36,23,0,13,0,0,0,36,1772,Critical
frame_1776.jpg,38,25,0,12,1,0,0,38,1776,Critical
frame_1780.jpg,35,23,0,11,1,0,1,36,1780,Critical
frame_1784.jpg,39,24,0,14,1,0,0,39,1784,Critical
frame_1788.jpg,40,26,1,13,0,0,1,41,1788,Critical
frame_1792.jpg,39,28,0,10,1,0,1,40,1792,Critical
frame_1796.jpg,39,28,0,9,2,0,2,41,1796,Critical
frame_1800.jpg,41,30,0,10,1,0,2,43,1800,Critical
frame_1804.jpg,36,26,0,9,1,0,1,37,1804,Critical
frame_1808.jpg,41,29,0,11,1,0,2,43,1808,Critical
frame_1812.jpg,37,26,0,10,1,0,1,38,1812,Critical
frame_1816.jpg,37,27,0,9,1,0,0,37,1816,Critical
frame_1820.jpg,36,24,0,11,1,0,2,38,1820,Critical
frame_1824.jpg,40,26,0,13,1,0,2,42,1824,Critical
frame_1828.jpg,40,26,0,13,1,0,2,42,1828,Critical
frame_1832.jpg,40,28,0,11,1,0,2,42,1832,Critical
frame_1836.jpg,42,29,0,12,1,0,2,44,1836,Critical
frame_1840.jpg,35,23,0,11,1,0,1,36,1840,Critical
frame_1844.jpg,39,29,0,9,1,0,1,40,1844,Critical
frame_1848.jpg,39,30,0,8,1,0,1,40,1848,Critical
frame_1852.jpg,41,31,0,9,1,0,1,42,1852,Critical
frame_1856.jpg,44,34,0,9,1,0,1,45,1856,Critical
frame_1860.jpg,41,30,0,10,1,0,1,42,1860,Critical
frame_1864.jpg,39,28,0,10,1,0,1,40,1864,Critical
frame_1868.jpg,45,32,0,12,1,0,1,46,1868,Critical
frame_1872.jpg,40,29,0,10,1,0,1,41,1872,Critical
frame_1876.jpg,42,32,0,9,1,0,2,44,1876,Critical
frame_1880.jpg,46,34,0,11,1,0,2,48,1880,Critical
frame_1884.jpg,46,36,0,9,1,0,1,47,1884,Critical
frame_1888.jpg,46,34,1,9,2,0,2,48,1888,Critical
frame_1892.jpg,45,34,1,9,1,0,2,47,1892,Critical
frame_1896.jpg,40,30,0,9,1,0,1,41,1896,Critical
frame_1900.jpg,45,32,0,12,1,0,1,46,1900,Critical
frame_1904.jpg,39,27,0,11,1,0,1,40,1904,Critical
frame_1908.jpg,41,29,0,11,1,0,1,42,1908,Critical
frame_1912.jpg,39,28,0,10,1,0,1,40,1912,Critical
frame_1916.jpg,38,28,0,9,1,0,1,39,1916,Critical
frame_1920.jpg,38,29,0,8,1,0,1,39,1920,Critical
frame_1924.jpg,34,23,0,10,1,0,2,36,1924,Critical
frame_1928.jpg,37,26,0,10,1,0,1,38,1928,Critical
frame_1932.jpg,35,24,0,10,1,0,2,37,1932,Critical
frame_1936.jpg,40,28,0,11,1,0,2,42,1936,Critical
frame_1940.jpg,40,29,0,10,1,0,1,41,1940,Critical
frame_1944.jpg,35,25,0,9,1,0,1,36,1944,Critical
frame_1948.jpg,34,25,0,8,1,0,0,34,1948,Critical
frame_1952.jpg,39,28,0,9,2,0,1,40,1952,Critical
frame_1956.jpg,35,25,0,9,1,0,0,35,1956,Critical
frame_1960.jpg,29,20,0,8,1,0,0,29,1960,Critical
frame_1964.jpg,30,20,0,9,1,0,1,31,1964,Critical
frame_1968.jpg,33,22,0,10,1,0,0,33,1968,Critical
frame_1972.jpg,33,23,0,9,1,0,1,34,1972,Critical
frame_1976.jpg,39,26,0,12,1,0,1,40,1976,Critical
frame_1980.jpg,34,22,0,11,1,0,0,34,1980,Critical
frame_1984.jpg,32,21,0,10,1,0,0,32,1984,Critical
frame_1988.jpg,32,23,0,8,1,0,0,32,1988,Critical
frame_1992.jpg,29,22,0,6,1,0,0,29,1992,Critical
frame_1996.jpg,30,22,0,7,1,0,1,31,1996,Critical
frame_2000.jpg,35,32,0,2,1,0,1,36,2000,Critical
frame_2004.jpg,33,29,1,2,1,0,1,34,2004,Critical
frame_2008.jpg,29,27,0,1,1,0,1,30,2008,Critical
frame_2012.jpg,28,25,0,1,2,0,1,29,2012,Critical
frame_2016.jpg,27,25,0,1,1,0,1,28,2016,Critical
frame_2020.jpg,33,32,0,1,0,0,1,34,2020,Critical
frame_2024.jpg,29,27,0,2,0,0,1,30,2024,Critical
frame_2028.jpg,33,31,0,2,0,0,1,34,2028,Critical
frame_2032.jpg,31,30,0,1,0,0,1,32,2032,Critical
frame_2036.jpg,33,29,1,2,1,0,1,34,2036,Critical
frame_2040.jpg,33,31,0,2,0,0,1,34,2040,Critical
frame_2044.jpg,31,28,1,1,1,0,1,32,2044,Critical
frame_2048.jpg,35,34,0,1,0,0,1,36,2048,Critical
frame_2052.jpg,29,28,0,1,0,0,0,29,2052,Critical
frame_2056.jpg,29,28,0,1,0,0,0,29,2056,Critical
frame_2060.jpg,30,28,1,1,0,0,0,30,2060,Critical
frame_2064.jpg,32,30,1,1,0,0,0,32,2064,Critical
frame_2068.jpg,35,33,1,1,0,0,0,35,2068,Critical
frame_2072.jpg,34,31,1,1,1,0,0,34,2072,Critical
frame_2076.jpg,30,29,0,1,0,0,0,30,2076,Critical
frame_2080.jpg,25,23,1,1,0,0,0,25,2080,High
frame_2084.jpg,25,23,0,2,0,0,0,25,2084,High
frame_2088.jpg,25,24,0,1,0,0,0,25,2088,High
frame_2092.jpg,28,25,0,3,0,0,0,28,2092,Critical
frame_2096.jpg,29,27,0,2,0,0,0,29,2096,Critical
frame_2100.jpg,27,19,0,8,0,0,0,27,2100,Critical
frame_2104.jpg,27,19,0,7,1,0,0,27,2104,Critical
frame_2108.jpg,30,21,0,7,2,0,0,30,2108,Critical
frame_2112.jpg,30,21,0,7,2,0,0,30,2112,Critical
frame_2116.jpg,29,17,0,11,1,0,0,29,2116,Critical
frame_2120.jpg,28,18,0,9,1,0,0,28,2120,Critical
frame_2124.jpg,31,20,0,10,1,0,0,31,2124,Critical
frame_2128.jpg,26,17,0,8,1,0,0,26,2128,Critical
frame_2132.jpg,27,16,0,10,1,0,0,27,2132,Critical
frame_2136.jpg,32,21,0,10,1,0,0,32,2136,Critical
frame_2140.jpg,30,19,0,10,1,0,1,31,2140,Critical
frame_2144.jpg,30,19,0,10,1,0,0,30,2144,Critical
frame_2148.jpg,32,19,0,12,1,0,0,32,2148,Critical
frame_2152.jpg,31,17,0,13,1,0,0,31,2152,Critical
frame_2156.jpg,29,16,0,12,1,0,0,29,2156,Critical
frame_2160.jpg,31,20,0,10,1,0,0,31,2160,Critical
frame_2164.jpg,32,21,0,10,1,0,0,32,2164,Critical
frame_2168.jpg,30,20,0,9,1,0,0,30,2168,Critical
frame_2172.jpg,31,20,0,10,1,0,0,31,2172,Critical
frame_2176.jpg,22,14,0,7,1,0,0,22,2176,High
frame_2180.jpg,30,19,0,10,1,0,0,30,2180,Critical
frame_2184.jpg,31,21,0,9,1,0,0,31,2184,Critical
frame_2188.jpg,28,17,0,10,1,0,0,28,2188,Critical
frame_2192.jpg,28,19,0,7,2,0,0,28,2192,Critical
frame_2196.jpg,27,19,0,6,2,0,0,27,2196,Critical
frame_2200.jpg,28,18,0,8,2,0,0,28,2200,Critical
frame_2204.jpg,33,22,0,9,2,0,0,33,2204,Critical
frame_2208.jpg,34,24,0,9,1,0,0,34,2208,Critical
frame_2212.jpg,32,21,0,10,1,0,0,32,2212,Critical
frame_2216.jpg,32,21,0,10,1,0,0,32,2216,Critical
frame_2220.jpg,31,22,0,7,2,0,1,32,2220,Critical
frame_2224.jpg,30,20,0,8,2,0,1,31,2224,Critical
frame_2228.jpg,29,22,0,6,1,0,1,30,2228,Critical
frame_2232.jpg,29,21,0,7,1,0,0,29,2232,Critical
frame_2236.jpg,32,22,0,8,2,0,0,32,2236,Critical
frame_2240.jpg,30,20,0,6,4,0,0,30,2240,Critical
frame_2244.jpg,32,23,0,6,3,0,0,32,2244,Critical
frame_2248.jpg,29,19,0,8,2,0,0,29,2248,Critical
frame_2252.jpg,28,18,0,7,3,0,0,28,2252,Critical
frame_2256.jpg,28,20,0,6,2,0,0,28,2256,Critical
frame_2260.jpg,32,22,0,9,1,0,0,32,2260,Critical
frame_2264.jpg,30,22,0,7,1,0,0,30,2264,Critical
frame_2268.jpg,32,21,0,9,2,0,0,32,2268,Critical
frame_2272.jpg,29,22,0,5,2,0,0,29,2272,Critical
frame_2276.jpg,30,22,0,7,1,0,0,30,2276,Critical
frame_2280.jpg,28,23,0,5,0,0,0,28,2280,Critical
frame_2284.jpg,31,25,0,5,1,0,0,31,2284,Critical
frame_2288.jpg,31,26,0,4,1,0,0,31,2288,Critical
frame_2292.jpg,34,27,0,5,2,0,0,34,2292,Critical
frame_2296.jpg,33,26,0,5,2,0,0,33,2296,Critical
frame_2300.jpg,28,23,0,4,1,0,0,28,2300,Critical
frame_2304.jpg,30,25,0,5,0,0,0,30,2304,Critical
frame_2308.jpg,31,26,0,5,0,0,0,31,2308,Critical
frame_2312.jpg,33,27,0,5,1,0,0,33,2312,Critical
frame_2316.jpg,31,26,0,5,0,0,0,31,2316,Critical
frame_2320.jpg,33,27,0,6,0,0,0,33,2320,Critical
frame_2324.jpg,31,25,0,5,1,0,0,31,2324,Critical
frame_2328.jpg,31,24,0,6,1,0,0,31,2328,Critical
frame_2332.jpg,35,27,0,7,1,0,0,35,2332,Critical
frame_2336.jpg,31,25,0,6,0,0,0,31,2336,Critical
frame_2340.jpg,34,28,0,6,0,0,0,34,2340,Critical
frame_2344.jpg,36,28,0,7,1,0,0,36,2344,Critical
frame_2348.jpg,35,26,0,8,1,0,0,35,2348,Critical
frame_2352.jpg,33,27,0,6,0,0,0,33,2352,Critical
frame_2356.jpg,34,29,0,5,0,0,0,34,2356,Critical
frame_2360.jpg,36,29,0,7,0,0,0,36,2360,Critical
frame_2364.jpg,39,33,1,5,0,0,0,39,2364,Critical
frame_2368.jpg,38,31,1,6,0,0,0,38,2368,Critical
frame_2372.jpg,38,32,1,5,0,0,0,38,2372,Critical
frame_2376.jpg,37,30,0,6,1,0,0,37,2376,Critical
frame_2380.jpg,30,26,0,4,0,0,0,30,2380,Critical
frame_2384.jpg,32,27,0,5,0,0,0,32,2384,Critical
frame_2388.jpg,33,25,1,7,0,0,0,33,2388,Critical
frame_2392.jpg,34,25,1,8,0,0,0,34,2392,Critical
frame_2396.jpg,37,28,1,8,0,0,0,37,2396,Critical
frame_2400.jpg,36,27,0,9,0,0,0,36,2400,Critical
frame_2404.jpg,34,24,1,9,0,0,0,34,2404,Critical
frame_2408.jpg,28,18,0,10,0,0,0,28,2408,Critical
frame_2412.jpg,27,19,0,7,1,0,0,27,2412,Critical
frame_2416.jpg,28,20,0,8,0,0,0,28,2416,Critical
frame_2420.jpg,32,22,0,9,1,0,0,32,2420,Critical
frame_2424.jpg,27,19,0,8,0,0,0,27,2424,Critical
frame_2428.jpg,26,17,0,9,0,0,0,26,2428,Critical
frame_2432.jpg,29,20,0,9,0,0,0,29,2432,Critical
frame_2436.jpg,28,20,0,8,0,0,0,28,2436,Critical
frame_2440.jpg,34,22,0,11,1,0,0,34,2440,Critical
frame_2444.jpg,30,19,0,10,1,0,0,30,2444,Critical
frame_2448.jpg,32,18,0,13,1,0,0,32,2448,Critical
frame_2452.jpg,32,23,0,8,1,0,0,32,2452,Critical
frame_2456.jpg,30,22,0,8,0,0,0,30,2456,Critical
frame_2460.jpg,26,21,0,5,0,0,0,26,2460,Critical
frame_2464.jpg,27,21,0,5,1,0,0,27,2464,Critical
frame_2468.jpg,29,22,0,5,2,0,0,29,2468,Critical
frame_2472.jpg,29,21,0,8,0,0,0,29,2472,Critical
frame_2476.jpg,29,22,1,6,0,0,0,29,2476,Critical
frame_2480.jpg,26,21,0,5,0,0,0,26,2480,Critical
frame_2484.jpg,28,23,0,5,0,0,0,28,2484,Critical
frame_2488.jpg,28,24,0,4,0,0,0,28,2488,Critical
frame_2492.jpg,30,22,0,8,0,0,0,30,2492,Critical
frame_2496.jpg,34,25,0,9,0,0,0,34,2496,Critical
frame_2500.jpg,29,22,0,7,0,0,0,29,2500,Critical
frame_2504.jpg,29,21,0,8,0,0,0,29,2504,Critical
frame_2508.jpg,29,21,0,7,1,0,0,29,2508,Critical
frame_2512.jpg,31,22,0,8,1,0,0,31,2512,Critical
frame_2516.jpg,31,22,0,8,1,0,0,31,2516,Critical
frame_2520.jpg,33,25,0,7,1,0,0,33,2520,Critical
frame_2524.jpg,29,20,0,8,1,0,0,29,2524,Critical
frame_2528.jpg,29,19,0,9,1,0,0,29,2528,Critical
frame_2532.jpg,30,21,0,8,1,0,0,30,2532,Critical
frame_2536.jpg,30,22,0,7,1,0,0,30,2536,Critical
frame_2540.jpg,30,23,0,7,0,0,0,30,2540,Critical
frame_2544.jpg,35,26,0,8,1,0,0,35,2544,Critical
frame_2548.jpg,34,25,0,6,3,0,0,34,2548,Critical
frame_2552.jpg,35,27,0,7,1,0,0,35,2552,Critical
frame_2556.jpg,32,24,0,7,1,0,0,32,2556,Critical
frame_2560.jpg,29,21,0,7,1,0,0,29,2560,Critical
frame_2564.jpg,32,24,0,7,1,0,0,32,2564,Critical
frame_2568.jpg,29,20,0,9,0,0,1,30,2568,Critical
frame_2572.jpg,28,20,1,7,0,0,1,29,2572,Critical
frame_2576.jpg,33,24,1,8,0,0,0,33,2576,Critical
frame_2580.jpg,29,20,0,8,1,0,0,29,2580,Critical
frame_2584.jpg,32,22,1,8,1,0,0,32,2584,Critical
frame_2588.jpg,31,23,1,7,0,0,0,31,2588,Critical
frame_2592.jpg,33,23,0,8,2,0,0,33,2592,Critical
frame_2596.jpg,33,24,0,7,2,0,0,33,2596,Critical
frame_2600.jpg,36,26,0,8,2,0,0,36,2600,Critical
frame_2604.jpg,38,27,0,10,1,0,1,39,2604,Critical
frame_2608.jpg,37,27,0,9,1,0,1,38,2608,Critical
frame_2612.jpg,34,24,0,9,1,0,0,34,2612,Critical
frame_2616.jpg,38,26,0,10,2,0,0,38,2616,Critical
frame_2620.jpg,35,24,0,8,3,0,0,35,2620,Critical
frame_2624.jpg,28,19,0,7,2,0,0,28,2624,Critical
frame_2628.jpg,31,21,0,8,2,0,0,31,2628,Critical
frame_2632.jpg,25,16,0,8,1,0,0,25,2632,High
frame_2636.jpg,25,16,0,8,1,0,0,25,2636,High
frame_2640.jpg,32,21,0,9,2,0,0,32,2640,Critical
frame_2644.jpg,29,19,0,9,1,0,0,29,2644,Critical
frame_2648.jpg,33,22,0,9,2,0,0,33,2648,Critical
frame_2652.jpg,34,25,0,7,2,0,0,34,2652,Critical
frame_2656.jpg,34,23,0,8,3,0,0,34,2656,Critical
frame_2660.jpg,30,21,0,8,1,0,0,30,2660,Critical
frame_2664.jpg,28,18,0,8,2,0,0,28,2664,Critical
frame_2668.jpg,32,22,0,9,1,0,0,32,2668,Critical
frame_2672.jpg,35,23,0,11,1,0,0,35,2672,Critical
frame_2676.jpg,35,23,0,9,3,0,0,35,2676,Critical
frame_2680.jpg,33,23,0,9,1,0,0,33,2680,Critical
frame_2684.jpg,32,20,0,9,3,0,0,32,2684,Critical
frame_2688.jpg,35,23,0,10,2,0,0,35,2688,Critical
frame_2692.jpg,33,22,0,9,2,0,0,33,2692,Critical
frame_2696.jpg,32,19,0,10,3,0,0,32,2696,Critical
frame_2700.jpg,36,23,0,10,3,0,0,36,2700,Critical
frame_2704.jpg,36,23,0,11,2,0,0,36,2704,Critical
frame_2708.jpg,36,24,0,10,2,0,0,36,2708,Critical
frame_2712.jpg,35,24,0,9,2,0,0,35,2712,Critical
frame_2716.jpg,32,23,0,8,1,0,0,32,2716,Critical
frame_2720.jpg,31,20,0,9,2,0,0,31,2720,Critical
frame_2724.jpg,28,19,0,8,1,0,0,28,2724,Critical
frame_2728.jpg,32,21,0,8,3,0,0,32,2728,Critical
frame_2732.jpg,34,22,0,10,2,0,0,34,2732,Critical
frame_2736.jpg,29,18,0,10,1,0,0,29,2736,Critical
frame_2740.jpg,30,19,0,9,2,0,0,30,2740,Critical
frame_2744.jpg,34,21,0,10,3,0,0,34,2744,Critical
frame_2748.jpg,32,20,0,11,1,0,0,32,2748,Critical
frame_2752.jpg,32,20,0,11,1,0,0,32,2752,Critical
frame_2756.jpg,33,22,0,10,1,0,0,33,2756,Critical
frame_2760.jpg,29,18,0,9,2,0,0,29,2760,Critical
frame_2764.jpg,30,19,0,9,2,0,0,30,2764,Critical
frame_2768.jpg,29,20,0,8,1,0,0,29,2768,Critical
frame_2772.jpg,28,17,0,10,1,0,0,28,2772,Critical
frame_2776.jpg,25,17,0,7,1,0,0,25,2776,High
frame_2780.jpg,27,16,0,8,3,0,0,27,2780,Critical
frame_2784.jpg,27,17,0,7,3,0,0,27,2784,Critical
frame_2788.jpg,28,16,0,8,4,0,0,28,2788,Critical
frame_2792.jpg,29,17,0,9,3,0,0,29,2792,Critical
frame_2796.jpg,28,17,0,9,2,0,0,28,2796,Critical
frame_2800.jpg,27,13,0,9,5,0,0,27,2800,Critical
frame_2804.jpg,30,17,0,8,5,0,0,30,2804,Critical
frame_2808.jpg,29,15,0,9,5,0,0,29,2808,Critical
frame_2812.jpg,28,15,0,8,5,0,0,28,2812,Critical
frame_2816.jpg,22,13,0,6,3,0,0,22,2816,High
frame_2820.jpg,24,15,0,5,4,0,0,24,2820,High
frame_2824.jpg,19,10,1,4,4,0,0,19,2824,High
frame_2828.jpg,18,9,0,6,3,0,0,18,2828,High
frame_2832.jpg,22,13,0,6,3,0,0,22,2832,High
frame_2836.jpg,25,15,0,6,4,0,1,26,2836,High
frame_2840.jpg,27,17,0,7,3,0,1,28,2840,Critical
frame_2844.jpg,28,15,0,8,5,0,0,28,2844,Critical
frame_2848.jpg,26,17,0,5,4,0,1,27,2848,Critical
frame_2852.jpg,25,16,0,5,4,0,1,26,2852,High
frame_2856.jpg,24,15,0,6,3,0,0,24,2856,High
frame_2860.jpg,23,15,0,6,2,0,0,23,2860,High
frame_2864.jpg,23,14,0,7,2,0,0,23,2864,High
frame_2868.jpg,20,11,0,5,4,0,0,20,2868,High
frame_2872.jpg,21,14,0,4,3,0,0,21,2872,High
frame_2876.jpg,23,16,0,4,3,0,1,24,2876,High
frame_2880.jpg,23,16,0,4,3,0,1,24,2880,High
frame_2884.jpg,24,16,0,4,4,0,1,25,2884,High
frame_2888.jpg,23,15,0,4,4,0,0,23,2888,High
frame_2892.jpg,22,14,0,4,4,0,0,22,2892,High
frame_2896.jpg,21,14,0,4,3,0,0,21,2896,High
frame_2900.jpg,25,16,0,5,4,0,0,25,2900,High
frame_2904.jpg,25,16,0,5,4,0,0,25,2904,High
frame_2908.jpg,31,21,0,5,5,0,1,32,2908,Critical
frame_2912.jpg,29,20,0,6,3,0,0,29,2912,Critical
frame_2916.jpg,26,18,0,6,2,0,0,26,2916,Critical
frame_2920.jpg,22,15,0,5,2,0,0,22,2920,High
frame_2924.jpg,23,14,0,5,4,0,0,23,2924,High
frame_2928.jpg,25,16,0,6,3,0,0,25,2928,High
frame_2932.jpg,24,16,0,7,1,0,0,24,2932,High
frame_2936.jpg,22,14,0,6,2,0,0,22,2936,High
frame_2940.jpg,22,14,0,6,2,0,0,22,2940,High
frame_2944.jpg,25,15,0,8,2,0,0,25,2944,High
frame_2948.jpg,26,16,0,8,2,0,0,26,2948,Critical
frame_2952.jpg,25,16,0,7,2,0,0,25,2952,High
frame_2956.jpg,24,16,0,6,2,0,0,24,2956,High
frame_2960.jpg,23,15,0,5,3,0,0,23,2960,High
frame_2964.jpg,25,16,0,7,2,0,0,25,2964,High
frame_2968.jpg,27,19,0,7,1,0,0,27,2968,Critical
frame_2972.jpg,32,23,0,7,2,0,0,32,2972,Critical
frame_2976.jpg,24,17,0,6,1,0,0,24,2976,High
frame_2980.jpg,24,16,0,6,2,0,0,24,2980,High
frame_2984.jpg,22,15,0,6,1,0,0,22,2984,High
frame_2988.jpg,25,17,0,6,2,0,0,25,2988,High
frame_2992.jpg,22,15,0,6,1,0,0,22,2992,High
frame_2996.jpg,23,16,0,6,1,0,0,23,2996,High
frame_11000.jpg,32,20,0,11,1,0,1,33,11000,Critical
frame_11004.jpg,31,19,0,11,1,0,1,32,11004,Critical
frame_11008.jpg,32,20,0,11,1,0,0,32,11008,Critical
frame_11012.jpg,32,20,0,11,1,0,1,33,11012,Critical
frame_11016.jpg,32,17,0,14,1,0,0,32,11016,Critical
frame_11020.jpg,28,14,0,13,1,0,1,29,11020,Critical
frame_11024.jpg,32,17,0,14,1,0,1,33,11024,Critical
frame_11028.jpg,36,23,0,12,1,0,1,37,11028,Critical
frame_11032.jpg,32,19,0,12,1,0,1,33,11032,Critical
frame_11036.jpg,33,16,0,16,1,0,1,34,11036,Critical
frame_11040.jpg,30,13,1,15,1,0,1,31,11040,Critical
frame_11044.jpg,28,18,0,9,1,0,2,30,11044,Critical
frame_11048.jpg,29,17,1,10,1,0,2,31,11048,Critical
frame_11052.jpg,30,18,0,11,1,0,1,31,11052,Critical
frame_11056.jpg,30,19,1,9,1,0,2,32,11056,Critical
frame_11060.jpg,28,17,0,10,1,0,4,32,11060,Critical
frame_11064.jpg,30,19,1,9,1,0,3,33,11064,Critical
frame_11068.jpg,29,21,0,8,0,0,3,32,11068,Critical
frame_11072.jpg,28,17,0,10,1,0,1,29,11072,Critical
frame_11076.jpg,28,18,0,10,0,0,2,30,11076,Critical
frame_11080.jpg,29,19,0,10,0,0,3,32,11080,Critical
frame_11084.jpg,35,26,0,9,0,0,2,37,11084,Critical
frame_11088.jpg,36,25,1,10,0,0,1,37,11088,Critical
frame_11092.jpg,43,29,1,12,1,0,1,44,11092,Critical
frame_11096.jpg,39,29,1,9,0,0,1,40,11096,Critical
frame_11100.jpg,35,27,1,7,0,0,1,36,11100,Critical
frame_11104.jpg,35,24,1,10,0,0,1,36,11104,Critical
frame_11108.jpg,35,24,1,10,0,0,1,36,11108,Critical
frame_11112.jpg,32,21,0,10,1,0,0,32,11112,Critical
frame_11116.jpg,33,20,0,13,0,0,0,33,11116,Critical
frame_11120.jpg,34,24,0,10,0,0,1,35,11120,Critical
frame_11124.jpg,35,25,0,10,0,0,1,36,11124,Critical
frame_11128.jpg,31,22,0,9,0,0,0,31,11128,Critical
frame_11132.jpg,30,21,0,9,0,0,1,31,11132,Critical
frame_11136.jpg,30,23,0,7,0,0,1,31,11136,Critical
frame_11140.jpg,33,26,0,7,0,0,1,34,11140,Critical
frame_11144.jpg,30,21,0,8,1,0,1,31,11144,Critical
frame_11148.jpg,35,27,1,7,0,0,2,37,11148,Critical
frame_11152.jpg,34,24,1,9,0,0,1,35,11152,Critical
frame_11156.jpg,38,29,0,8,1,0,1,39,11156,Critical
frame_11160.jpg,35,25,1,8,1,0,1,36,11160,Critical
frame_11164.jpg,36,25,0,10,1,0,1,37,11164,Critical
frame_11168.jpg,33,22,0,11,0,0,1,34,11168,Critical
frame_11172.jpg,35,23,0,12,0,0,1,36,11172,Critical
frame_11176.jpg,37,28,0,9,0,0,1,38,11176,Critical
frame_11180.jpg,37,29,0,8,0,0,1,38,11180,Critical
frame_11184.jpg,29,19,0,9,1,0,1,30,11184,Critical
frame_11188.jpg,32,20,0,11,1,0,1,33,11188,Critical
frame_11192.jpg,35,23,0,10,2,0,1,36,11192,Critical
frame_11196.jpg,33,22,0,10,1,0,1,34,11196,Critical
frame_11200.jpg,34,23,0,11,0,0,2,36,11200,Critical
frame_11204.jpg,32,22,0,9,1,0,2,34,11204,Critical
frame_11208.jpg,32,22,0,9,1,0,2,34,11208,Critical
frame_11212.jpg,35,23,0,9,3,0,2,37,11212,Critical
frame_11216.jpg,34,23,0,9,2,0,2,36,11216,Critical
frame_11220.jpg,33,25,0,8,0,0,2,35,11220,Critical
frame_11224.jpg,35,26,0,8,1,0,2,37,11224,Critical
frame_11228.jpg,34,24,0,9,1,0,2,36,11228,Critical
frame_11232.jpg,32,21,0,10,1,0,3,35,11232,Critical
frame_11236.jpg,36,26,0,9,1,0,3,39,11236,Critical
frame_11240.jpg,38,27,0,10,1,0,3,41,11240,Critical
frame_11244.jpg,35,23,0,11,1,0,3,38,11244,Critical
frame_11248.jpg,39,28,0,10,1,0,3,42,11248,Critical
frame_11252.jpg,37,23,1,12,1,0,2,39,11252,Critical
frame_11256.jpg,34,23,0,9,2,0,2,36,11256,Critical
frame_11260.jpg,33,24,0,8,1,0,3,36,11260,Critical
frame_11264.jpg,33,24,0,8,1,0,4,37,11264,Critical
frame_11268.jpg,36,26,0,9,1,0,3,39,11268,Critical
frame_11272.jpg,34,24,0,9,1,0,2,36,11272,Critical
frame_11276.jpg,32,23,0,9,0,0,2,34,11276,Critical
frame_11280.jpg,37,26,0,10,1,0,1,38,11280,Critical
frame_11284.jpg,33,19,0,12,2,0,3,36,11284,Critical
frame_11288.jpg,35,20,0,14,1,0,1,36,11288,Critical
frame_11292.jpg,36,22,0,14,0,0,1,37,11292,Critical
frame_11296.jpg,35,20,0,14,1,0,2,37,11296,Critical
frame_11300.jpg,34,19,0,15,0,0,0,34,11300,Critical
frame_11304.jpg,39,21,0,17,1,0,2,41,11304,Critical
frame_11308.jpg,34,21,0,13,0,0,2,36,11308,Critical
frame_11312.jpg,29,15,0,14,0,0,1,30,11312,Critical
frame_11316.jpg,33,16,0,16,1,0,2,35,11316,Critical
frame_11320.jpg,31,16,0,15,0,0,1,32,11320,Critical
frame_11324.jpg,34,16,0,18,0,0,3,37,11324,Critical
frame_11328.jpg,35,20,0,15,0,0,3,38,11328,Critical
frame_11332.jpg,40,21,0,17,2,0,2,42,11332,Critical
frame_11336.jpg,36,20,0,14,2,0,3,39,11336,Critical
frame_11340.jpg,33,18,0,14,1,0,2,35,11340,Critical
frame_11344.jpg,35,19,0,14,2,0,3,38,11344,Critical
frame_11348.jpg,34,18,0,14,2,0,2,36,11348,Critical
frame_11352.jpg,35,18,0,16,1,0,3,38,11352,Critical
frame_11356.jpg,33,18,0,14,1,0,0,33,11356,Critical
frame_11360.jpg,37,20,0,16,1,0,0,37,11360,Critical
frame_11364.jpg,35,20,0,14,1,0,1,36,11364,Critical
frame_11368.jpg,32,19,1,10,2,0,2,34,11368,Critical
frame_11372.jpg,29,14,0,13,2,0,2,31,11372,Critical
frame_11376.jpg,32,18,1,11,2,0,2,34,11376,Critical
frame_11380.jpg,30,20,0,8,2,0,2,32,11380,Critical
frame_11384.jpg,35,24,0,8,3,0,1,36,11384,Critical
frame_11388.jpg,28,17,0,9,2,0,2,30,11388,Critical
frame_11392.jpg,35,25,0,8,2,0,1,36,11392,Critical
frame_11396.jpg,34,18,0,14,2,0,2,36,11396,Critical
frame_11400.jpg,35,18,1,14,2,0,3,38,11400,Critical
frame_11404.jpg,33,19,0,14,0,0,2,35,11404,Critical
frame_11408.jpg,40,21,3,15,1,0,2,42,11408,Critical
frame_11412.jpg,35,21,2,11,1,0,2,37,11412,Critical
frame_11416.jpg,40,25,2,11,2,0,1,41,11416,Critical
frame_11420.jpg,29,15,1,11,2,0,1,30,11420,Critical
frame_11424.jpg,35,19,1,14,1,0,2,37,11424,Critical
frame_11428.jpg,27,14,0,12,1,0,1,28,11428,Critical
frame_11432.jpg,29,18,0,11,0,0,1,30,11432,Critical
frame_11436.jpg,29,14,2,12,1,0,1,30,11436,Critical
frame_11440.jpg,29,12,1,14,2,0,1,30,11440,Critical
frame_11444.jpg,29,15,0,12,2,0,1,30,11444,Critical
frame_11448.jpg,33,17,3,11,2,0,1,34,11448,Critical
frame_11452.jpg,32,17,2,11,2,0,1,33,11452,Critical
frame_11456.jpg,32,15,1,13,3,0,1,33,11456,Critical
frame_11460.jpg,28,14,0,12,2,0,1,29,11460,Critical
frame_11464.jpg,35,19,0,14,2,0,1,36,11464,Critical
frame_11468.jpg,35,21,1,13,0,0,1,36,11468,Critical
frame_11472.jpg,41,25,0,13,3,0,1,42,11472,Critical
frame_11476.jpg,39,25,0,12,2,0,1,40,11476,Critical
frame_11480.jpg,37,24,0,11,2,0,1,38,11480,Critical
frame_11484.jpg,35,23,0,10,2,0,1,36,11484,Critical
frame_11488.jpg,30,19,0,11,0,0,1,31,11488,Critical
frame_11492.jpg,35,20,0,13,2,0,1,36,11492,Critical
frame_11496.jpg,32,20,0,12,0,0,1,33,11496,Critical
frame_11500.jpg,27,15,0,12,0,0,1,28,11500,Critical
frame_11504.jpg,30,20,0,10,0,0,2,32,11504,Critical
frame_11508.jpg,34,23,0,10,1,0,1,35,11508,Critical
frame_11512.jpg,34,22,0,12,0,0,1,35,11512,Critical
frame_11516.jpg,35,22,0,12,1,0,2,37,11516,Critical
frame_11520.jpg,32,20,0,12,0,0,1,33,11520,Critical
frame_11524.jpg,33,23,0,9,1,0,1,34,11524,Critical
frame_11528.jpg,31,20,0,10,1,0,2,33,11528,Critical
frame_11532.jpg,32,18,0,13,1,0,1,33,11532,Critical
frame_11536.jpg,38,26,0,12,0,0,2,40,11536,Critical
frame_11540.jpg,35,22,0,12,1,0,2,37,11540,Critical
frame_11544.jpg,34,21,0,13,0,0,1,35,11544,Critical
frame_11548.jpg,30,17,0,13,0,0,1,31,11548,Critical
frame_11552.jpg,31,20,0,11,0,0,2,33,11552,Critical
frame_11556.jpg,27,15,0,12,0,0,1,28,11556,Critical
frame_11560.jpg,34,19,1,13,1,0,2,36,11560,Critical
frame_11564.jpg,30,17,0,13,0,0,1,31,11564,Critical
frame_11568.jpg,36,20,1,14,1,0,1,37,11568,Critical
frame_11572.jpg,29,17,0,12,0,0,1,30,11572,Critical
frame_11576.jpg,28,16,0,12,0,0,1,29,11576,Critical
frame_11580.jpg,29,18,1,10,0,0,1,30,11580,Critical
frame_11584.jpg,29,17,0,12,0,0,1,30,11584,Critical
frame_11588.jpg,28,18,0,10,0,0,1,29,11588,Critical
frame_11592.jpg,31,18,2,11,0,0,2,33,11592,Critical
frame_11596.jpg,32,21,0,11,0,0,2,34,11596,Critical
frame_11600.jpg,31,20,0,11,0,0,2,33,11600,Critical
frame_11604.jpg,31,22,0,9,0,0,2,33,11604,Critical
frame_11608.jpg,29,18,1,10,0,0,2,31,11608,Critical
frame_11612.jpg,31,23,0,8,0,0,2,33,11612,Critical
frame_11616.jpg,34,24,1,8,1,0,2,36,11616,Critical
frame_11620.jpg,30,22,0,8,0,0,1,31,11620,Critical
frame_11624.jpg,26,18,0,8,0,0,1,27,11624,Critical
frame_11628.jpg,32,25,0,7,0,0,1,33,11628,Critical
frame_11632.jpg,33,24,0,8,1,0,1,34,11632,Critical
frame_11636.jpg,30,22,0,8,0,0,2,32,11636,Critical
frame_11640.jpg,32,25,0,7,0,0,1,33,11640,Critical
frame_11644.jpg,24,18,0,6,0,0,1,25,11644,High
frame_11648.jpg,25,17,0,7,1,0,2,27,11648,High
frame_11652.jpg,28,20,0,8,0,0,2,30,11652,Critical
frame_11656.jpg,28,20,0,7,1,0,2,30,11656,Critical
frame_11660.jpg,30,21,0,7,2,0,2,32,11660,Critical
frame_11664.jpg,35,25,0,8,2,0,2,37,11664,Critical
frame_11668.jpg,33,25,0,6,2,0,2,35,11668,Critical
frame_11672.jpg,29,22,0,6,1,0,2,31,11672,Critical
frame_11676.jpg,29,22,0,6,1,0,2,31,11676,Critical
frame_11680.jpg,29,21,0,7,1,0,2,31,11680,Critical
frame_11684.jpg,29,19,1,8,1,0,1,30,11684,Critical
frame_11688.jpg,31,22,0,9,0,0,1,32,11688,Critical
frame_11692.jpg,34,24,0,9,1,0,1,35,11692,Critical
frame_11696.jpg,37,26,0,10,1,0,1,38,11696,Critical
frame_11700.jpg,36,27,0,8,1,0,1,37,11700,Critical
frame_11704.jpg,34,23,1,9,1,0,1,35,11704,Critical
frame_11708.jpg,33,24,0,8,1,0,1,34,11708,Critical
frame_11712.jpg,31,22,0,8,1,0,1,32,11712,Critical
frame_11716.jpg,35,22,0,12,1,0,1,36,11716,Critical
frame_11720.jpg,32,19,0,11,2,0,2,34,11720,Critical
frame_11724.jpg,37,25,1,9,2,0,2,39,11724,Critical
frame_11728.jpg,37,28,0,7,2,0,2,39,11728,Critical
frame_11732.jpg,34,24,0,8,2,0,2,36,11732,Critical
frame_11736.jpg,37,27,0,8,2,0,2,39,11736,Critical
frame_11740.jpg,41,32,1,6,2,0,2,43,11740,Critical
frame_11744.jpg,40,30,1,7,2,0,2,42,11744,Critical
frame_11748.jpg,38,30,1,6,1,0,2,40,11748,Critical
frame_11752.jpg,37,28,1,7,1,0,2,39,11752,Critical
frame_11756.jpg,38,30,0,8,0,0,2,40,11756,Critical
frame_11760.jpg,36,26,1,9,0,0,2,38,11760,Critical
frame_11764.jpg,32,24,0,8,0,0,2,34,11764,Critical
frame_11768.jpg,31,20,0,11,0,0,1,32,11768,Critical
frame_11772.jpg,33,23,0,10,0,0,1,34,11772,Critical
frame_11776.jpg,33,22,0,11,0,0,2,35,11776,Critical
frame_11780.jpg,34,24,0,10,0,0,2,36,11780,Critical
frame_11784.jpg,34,22,0,12,0,0,2,36,11784,Critical
frame_11788.jpg,42,27,0,14,1,0,2,44,11788,Critical
frame_11792.jpg,38,26,0,11,1,0,2,40,11792,Critical
frame_11796.jpg,38,25,1,11,1,0,2,40,11796,Critical
frame_11800.jpg,32,22,0,10,0,0,2,34,11800,Critical
frame_11804.jpg,31,21,0,9,1,0,2,33,11804,Critical
frame_11808.jpg,25,19,0,6,0,0,2,27,11808,High
frame_11812.jpg,30,24,0,6,0,0,3,33,11812,Critical
frame_11816.jpg,29,24,0,5,0,0,2,31,11816,Critical
frame_11820.jpg,26,21,0,5,0,0,1,27,11820,Critical
frame_11824.jpg,32,26,0,6,0,0,2,34,11824,Critical
frame_11828.jpg,33,28,0,5,0,0,2,35,11828,Critical
frame_11832.jpg,32,25,0,7,0,0,2,34,11832,Critical
frame_11836.jpg,28,22,0,6,0,0,1,29,11836,Critical
frame_11840.jpg,30,23,0,7,0,0,1,31,11840,Critical
frame_11844.jpg,30,23,0,7,0,0,2,32,11844,Critical
frame_11848.jpg,31,22,0,9,0,0,2,33,11848,Critical
frame_11852.jpg,29,20,0,9,0,0,2,31,11852,Critical
frame_11856.jpg,30,21,0,8,1,0,1,31,11856,Critical
frame_11860.jpg,27,17,0,10,0,0,2,29,11860,Critical
frame_11864.jpg,26,17,0,9,0,0,2,28,11864,Critical
frame_11868.jpg,24,17,0,7,0,0,2,26,11868,High
frame_11872.jpg,25,18,0,7,0,0,2,27,11872,High
frame_11876.jpg,26,18,0,8,0,0,2,28,11876,Critical
frame_11880.jpg,25,18,0,7,0,0,2,27,11880,High
frame_11884.jpg,32,25,0,6,1,0,2,34,11884,Critical
frame_11888.jpg,27,22,0,5,0,0,2,29,11888,Critical
frame_11892.jpg,31,25,0,6,0,0,2,33,11892,Critical
frame_11896.jpg,24,18,0,5,1,0,1,25,11896,High
frame_11900.jpg,26,20,0,6,0,0,1,27,11900,Critical
frame_11904.jpg,23,19,0,4,0,0,1,24,11904,High
frame_11908.jpg,24,17,0,7,0,0,1,25,11908,High
frame_11912.jpg,23,17,0,6,0,0,2,25,11912,High
frame_11916.jpg,26,18,0,8,0,0,2,28,11916,Critical
frame_11920.jpg,30,21,0,9,0,0,2,32,11920,Critical
frame_11924.jpg,29,19,0,10,0,0,2,31,11924,Critical
frame_11928.jpg,31,19,0,12,0,0,2,33,11928,Critical
frame_11932.jpg,32,21,0,11,0,0,2,34,11932,Critical
frame_11936.jpg,33,23,0,10,0,0,2,35,11936,Critical
frame_11940.jpg,30,23,0,7,0,0,2,32,11940,Critical
frame_11944.jpg,32,25,0,7,0,0,2,34,11944,Critical
frame_11948.jpg,30,23,0,7,0,0,1,31,11948,Critical
frame_11952.jpg,32,24,0,8,0,0,1,33,11952,Critical
frame_11956.jpg,29,21,0,8,0,0,1,30,11956,Critical
frame_11960.jpg,27,19,0,8,0,0,1,28,11960,Critical
frame_11964.jpg,34,26,0,8,0,0,2,36,11964,Critical
frame_11968.jpg,34,27,0,7,0,0,2,36,11968,Critical
frame_11972.jpg,36,27,0,9,0,0,2,38,11972,Critical
frame_11976.jpg,33,24,0,8,1,0,2,35,11976,Critical
frame_11980.jpg,33,25,0,8,0,0,2,35,11980,Critical
frame_11984.jpg,35,24,0,11,0,0,2,37,11984,Critical
frame_11988.jpg,32,19,0,12,1,0,1,33,11988,Critical
frame_11992.jpg,32,21,0,11,0,0,2,34,11992,Critical
frame_11996.jpg,31,21,0,9,1,0,2,33,11996,Critical
frame_12000.jpg,34,24,0,9,1,0,1,35,12000,Critical
frame_12004.jpg,35,25,1,8,1,0,2,37,12004,Critical
frame_12008.jpg,32,23,0,8,1,0,1,33,12008,Critical
frame_12012.jpg,34,24,0,9,1,0,2,36,12012,Critical
frame_12016.jpg,32,24,0,7,1,0,2,34,12016,Critical
frame_12020.jpg,36,26,0,9,1,0,2,38,12020,Critical
frame_12024.jpg,36,26,0,9,1,0,2,38,12024,Critical
frame_12028.jpg,37,25,0,10,2,0,2,39,12028,Critical
frame_12032.jpg,29,20,0,9,0,0,1,30,12032,Critical
frame_12036.jpg,24,16,0,8,0,0,1,25,12036,High
frame_12040.jpg,23,14,0,9,0,0,0,23,12040,High
frame_12044.jpg,29,20,0,9,0,0,0,29,12044,Critical
frame_12048.jpg,29,19,0,10,0,0,1,30,12048,Critical
frame_12052.jpg,27,17,0,9,1,0,0,27,12052,Critical
frame_12056.jpg,26,16,1,9,0,0,0,26,12056,Critical
frame_12060.jpg,27,19,0,8,0,0,0,27,12060,Critical
frame_12064.jpg,26,19,0,7,0,0,1,27,12064,Critical
frame_12068.jpg,32,22,0,10,0,0,1,33,12068,Critical
frame_12072.jpg,24,18,0,6,0,0,1,25,12072,High
frame_12076.jpg,30,20,0,10,0,0,1,31,12076,Critical
frame_12080.jpg,29,22,0,7,0,0,0,29,12080,Critical
frame_12084.jpg,25,17,0,8,0,0,0,25,12084,High
frame_12088.jpg,26,19,0,7,0,0,0,26,12088,Critical
frame_12092.jpg,30,23,0,7,0,0,1,31,12092,Critical
frame_12096.jpg,25,16,0,8,1,0,1,26,12096,High
frame_12100.jpg,29,21,0,8,0,0,1,30,12100,Critical
frame_12104.jpg,30,22,1,7,0,0,1,31,12104,Critical
frame_12108.jpg,29,20,0,9,0,0,1,30,12108,Critical
frame_12112.jpg,25,17,0,8,0,0,0,25,12112,High
frame_12116.jpg,30,22,0,8,0,0,1,31,12116,Critical
frame_12120.jpg,29,19,0,10,0,0,2,31,12120,Critical
frame_12124.jpg,31,23,0,8,0,0,2,33,12124,Critical
frame_12128.jpg,31,23,0,8,0,0,2,33,12128,Critical
frame_12132.jpg,36,29,0,7,0,0,1,37,12132,Critical
frame_12136.jpg,36,30,1,5,0,0,1,37,12136,Critical
frame_12140.jpg,33,29,0,4,0,0,1,34,12140,Critical
frame_12144.jpg,28,21,0,5,2,0,1,29,12144,Critical
frame_12148.jpg,31,26,0,4,1,0,2,33,12148,Critical
frame_12152.jpg,28,23,0,5,0,0,1,29,12152,Critical
frame_12156.jpg,29,25,0,4,0,0,2,31,12156,Critical
frame_12160.jpg,32,27,0,5,0,0,2,34,12160,Critical
frame_12164.jpg,33,27,0,6,0,0,2,35,12164,Critical
frame_12168.jpg,33,28,0,5,0,0,2,35,12168,Critical
frame_12172.jpg,30,25,0,5,0,0,2,32,12172,Critical
frame_12176.jpg,28,22,0,6,0,0,2,30,12176,Critical
frame_12180.jpg,31,25,0,6,0,0,3,34,12180,Critical
frame_12184.jpg,28,24,0,3,1,0,2,30,12184,Critical
frame_12188.jpg,29,24,0,4,1,0,1,30,12188,Critical
frame_12192.jpg,31,25,2,3,1,0,1,32,12192,Critical
frame_12196.jpg,28,23,0,5,0,0,1,29,12196,Critical
frame_12200.jpg,28,23,1,4,0,0,1,29,12200,Critical
frame_12204.jpg,30,24,1,5,0,0,2,32,12204,Critical
frame_12208.jpg,32,28,2,2,0,0,2,34,12208,Critical
frame_12212.jpg,33,25,2,5,1,0,2,35,12212,Critical
frame_12216.jpg,31,22,0,8,1,0,0,31,12216,Critical
frame_12220.jpg,29,23,1,5,0,0,2,31,12220,Critical
frame_12224.jpg,26,20,0,6,0,0,1,27,12224,Critical
frame_12228.jpg,31,22,1,7,1,0,0,31,12228,Critical
frame_12232.jpg,31,24,1,5,1,0,1,32,12232,Critical
frame_12236.jpg,34,27,0,5,2,0,0,34,12236,Critical
frame_12240.jpg,32,21,1,8,2,0,1,33,12240,Critical
frame_12244.jpg,34,24,1,7,2,0,0,34,12244,Critical
frame_12248.jpg,36,28,1,5,2,0,0,36,12248,Critical
frame_12252.jpg,31,24,0,7,0,0,0,31,12252,Critical
frame_12256.jpg,31,24,0,6,1,0,0,31,12256,Critical
frame_12260.jpg,31,25,1,4,1,0,1,32,12260,Critical
frame_12264.jpg,26,20,1,4,1,0,1,27,12264,Critical
frame_12268.jpg,27,21,1,3,2,0,1,28,12268,Critical
frame_12272.jpg,27,22,1,3,1,0,1,28,12272,Critical
frame_12276.jpg,24,20,0,3,1,0,1,25,12276,High
frame_12280.jpg,25,22,0,3,0,0,0,25,12280,High
frame_12284.jpg,24,19,0,5,0,0,1,25,12284,High
frame_12288.jpg,25,20,1,4,0,0,1,26,12288,High
frame_12292.jpg,23,18,0,5,0,0,1,24,12292,High
frame_12296.jpg,24,22,0,2,0,0,1,25,12296,High
frame_12300.jpg,26,22,0,4,0,0,1,27,12300,Critical
frame_12304.jpg,26,20,1,5,0,0,1,27,12304,Critical
frame_12308.jpg,33,23,0,9,1,0,1,34,12308,Critical
frame_12312.jpg,36,23,1,12,0,0,1,37,12312,Critical
frame_12316.jpg,31,20,1,10,0,0,0,31,12316,Critical
frame_12320.jpg,30,19,0,10,1,0,1,31,12320,Critical
frame_12324.jpg,29,19,0,9,1,0,1,30,12324,Critical
frame_12328.jpg,32,21,1,9,1,0,1,33,12328,Critical
frame_12332.jpg,30,22,1,7,0,0,1,31,12332,Critical
frame_12336.jpg,26,19,0,7,0,0,1,27,12336,Critical
frame_12340.jpg,24,15,2,6,1,0,1,25,12340,High
frame_12344.jpg,25,19,0,6,0,0,1,26,12344,High
frame_12348.jpg,32,22,0,9,1,0,1,33,12348,Critical
frame_12352.jpg,27,18,0,8,1,0,1,28,12352,Critical
frame_12356.jpg,31,23,0,8,0,0,1,32,12356,Critical
frame_12360.jpg,31,24,0,7,0,0,0,31,12360,Critical
frame_12364.jpg,25,20,0,5,0,0,0,25,12364,High
frame_12368.jpg,29,24,0,5,0,0,0,29,12368,Critical
frame_12372.jpg,32,27,0,3,2,0,1,33,12372,Critical
frame_12376.jpg,29,23,0,5,1,0,0,29,12376,Critical
frame_12380.jpg,32,26,0,5,1,0,0,32,12380,Critical
frame_12384.jpg,35,29,0,5,1,0,1,36,12384,Critical
frame_12388.jpg,35,27,0,6,2,0,1,36,12388,Critical
frame_12392.jpg,32,25,0,6,1,0,1,33,12392,Critical
frame_12396.jpg,32,25,0,6,1,0,1,33,12396,Critical
frame_12400.jpg,33,25,0,7,1,0,0,33,12400,Critical
frame_12404.jpg,34,24,0,9,1,0,0,34,12404,Critical
frame_12408.jpg,31,21,0,10,0,0,0,31,12408,Critical
frame_12412.jpg,30,18,1,10,1,0,1,31,12412,Critical
frame_12416.jpg,33,23,0,9,1,0,0,33,12416,Critical
frame_12420.jpg,35,24,0,10,1,0,0,35,12420,Critical
frame_12424.jpg,35,24,0,11,0,0,1,36,12424,Critical
frame_12428.jpg,35,22,1,12,0,0,0,35,12428,Critical
frame_12432.jpg,29,21,0,8,0,0,1,30,12432,Critical
frame_12436.jpg,34,26,0,7,1,0,1,35,12436,Critical
frame_12440.jpg,35,27,0,8,0,0,1,36,12440,Critical
frame_12444.jpg,35,27,0,8,0,0,0,35,12444,Critical
frame_12448.jpg,31,25,0,6,0,0,1,32,12448,Critical
frame_12452.jpg,31,25,0,6,0,0,3,34,12452,Critical
frame_12456.jpg,31,24,0,7,0,0,0,31,12456,Critical
frame_12460.jpg,31,23,0,7,1,0,1,32,12460,Critical
frame_12464.jpg,27,23,0,4,0,0,2,29,12464,Critical
frame_12468.jpg,27,22,0,5,0,0,2,29,12468,Critical
frame_12472.jpg,29,20,1,7,1,0,1,30,12472,Critical
frame_12476.jpg,28,19,0,8,1,0,1,29,12476,Critical
frame_12480.jpg,32,23,0,8,1,0,2,34,12480,Critical
frame_12484.jpg,27,20,0,6,1,0,1,28,12484,Critical
frame_12488.jpg,27,21,0,6,0,0,2,29,12488,Critical
frame_12492.jpg,30,21,1,7,1,0,1,31,12492,Critical
frame_12496.jpg,26,19,0,6,1,0,0,26,12496,Critical
frame_12500.jpg,32,24,2,5,1,0,2,34,12500,Critical
frame_12504.jpg,30,20,1,7,2,0,1,31,12504,Critical
frame_12508.jpg,34,22,1,10,1,0,2,36,12508,Critical
frame_12512.jpg,31,23,0,8,0,0,1,32,12512,Critical
frame_12516.jpg,28,15,0,12,1,0,1,29,12516,Critical
frame_12520.jpg,32,21,0,11,0,0,1,33,12520,Critical
frame_12524.jpg,30,19,0,11,0,0,1,31,12524,Critical
frame_12528.jpg,29,22,0,7,0,0,1,30,12528,Critical
frame_12532.jpg,28,21,0,5,2,0,2,30,12532,Critical
frame_12536.jpg,23,16,0,7,0,0,2,25,12536,High
frame_12540.jpg,26,17,0,9,0,0,1,27,12540,Critical
frame_12544.jpg,28,18,0,9,1,0,1,29,12544,Critical
frame_12548.jpg,28,17,0,11,0,0,1,29,12548,Critical
frame_12552.jpg,26,15,0,10,1,0,1,27,12552,Critical
frame_12556.jpg,30,17,0,13,0,0,1,31,12556,Critical
frame_12560.jpg,29,18,0,11,0,0,1,30,12560,Critical
frame_12564.jpg,31,16,0,14,1,0,0,31,12564,Critical
frame_12568.jpg,36,21,0,14,1,0,1,37,12568,Critical
frame_12572.jpg,32,20,0,11,1,0,0,32,12572,Critical
frame_12576.jpg,32,20,0,12,0,0,0,32,12576,Critical
frame_12580.jpg,28,19,0,9,0,0,0,28,12580,Critical
frame_12584.jpg,32,20,0,12,0,0,1,33,12584,Critical
frame_12588.jpg,30,22,0,8,0,0,1,31,12588,Critical
frame_12592.jpg,33,23,0,9,1,0,0,33,12592,Critical
frame_12596.jpg,34,22,1,11,0,0,1,35,12596,Critical
frame_12600.jpg,33,22,0,10,1,0,1,34,12600,Critical
frame_12604.jpg,33,23,0,9,1,0,2,35,12604,Critical
frame_12608.jpg,28,21,1,6,0,0,2,30,12608,Critical
frame_12612.jpg,35,26,1,7,1,0,2,37,12612,Critical
frame_12616.jpg,36,25,1,9,1,0,2,38,12616,Critical
frame_12620.jpg,36,28,1,6,1,0,2,38,12620,Critical
frame_12624.jpg,34,27,0,6,1,0,2,36,12624,Critical
frame_12628.jpg,35,30,0,4,1,0,2,37,12628,Critical
frame_12632.jpg,35,24,0,11,0,0,2,37,12632,Critical
frame_12636.jpg,29,23,0,6,0,0,2,31,12636,Critical
frame_12640.jpg,31,24,0,7,0,0,2,33,12640,Critical
frame_12644.jpg,34,27,0,7,0,0,2,36,12644,Critical
frame_12648.jpg,34,25,0,9,0,0,2,36,12648,Critical
frame_12652.jpg,33,26,0,7,0,0,2,35,12652,Critical
frame_12656.jpg,33,25,0,7,1,0,2,35,12656,Critical
frame_12660.jpg,31,22,0,8,1,0,2,33,12660,Critical
frame_12664.jpg,32,23,0,8,1,0,2,34,12664,Critical
frame_12668.jpg,31,22,0,8,1,0,2,33,12668,Critical
frame_12672.jpg,26,20,0,6,0,0,2,28,12672,Critical
frame_12676.jpg,31,25,0,6,0,0,1,32,12676,Critical
frame_12680.jpg,27,22,0,5,0,0,1,28,12680,Critical
frame_12684.jpg,32,26,0,6,0,0,3,35,12684,Critical
frame_12688.jpg,37,31,0,6,0,0,3,40,12688,Critical
frame_12692.jpg,32,26,0,6,0,0,2,34,12692,Critical
frame_12696.jpg,32,24,1,7,0,0,1,33,12696,Critical
frame_12700.jpg,34,23,1,9,1,0,2,36,12700,Critical
frame_12704.jpg,31,24,0,7,0,0,1,32,12704,Critical
frame_12708.jpg,31,23,0,8,0,0,1,32,12708,Critical
frame_12712.jpg,35,26,0,9,0,0,2,37,12712,Critical
frame_12716.jpg,34,26,0,8,0,0,2,36,12716,Critical
frame_12720.jpg,35,26,0,9,0,0,1,36,12720,Critical
frame_12724.jpg,31,23,0,7,1,0,1,32,12724,Critical
frame_12728.jpg,32,25,0,7,0,0,1,33,12728,Critical
frame_12732.jpg,27,18,0,8,1,0,1,28,12732,Critical
frame_12736.jpg,33,22,0,8,3,0,0,33,12736,Critical
frame_12740.jpg,28,20,0,8,0,0,0,28,12740,Critical
frame_12744.jpg,28,18,0,8,2,0,1,29,12744,Critical
frame_12748.jpg,30,19,0,9,2,0,1,31,12748,Critical
frame_12752.jpg,29,21,0,7,1,0,1,30,12752,Critical
frame_12756.jpg,33,22,0,9,2,0,1,34,12756,Critical
frame_12760.jpg,34,22,0,9,3,0,1,35,12760,Critical
frame_12764.jpg,35,25,1,8,1,0,1,36,12764,Critical
frame_12768.jpg,34,23,0,9,2,0,1,35,12768,Critical
frame_12772.jpg,34,23,0,10,1,0,1,35,12772,Critical
frame_12776.jpg,30,19,0,8,3,0,1,31,12776,Critical
frame_12780.jpg,31,20,1,9,1,0,1,32,12780,Critical
frame_12784.jpg,29,18,0,10,1,0,1,30,12784,Critical
frame_12788.jpg,29,19,0,9,1,0,0,29,12788,Critical
frame_12792.jpg,28,19,0,8,1,0,1,29,12792,Critical
frame_12796.jpg,34,21,1,10,2,0,0,34,12796,Critical
frame_21000.jpg,28,18,0,7,3,0,0,28,21000,Critical
frame_21004.jpg,29,16,1,8,4,0,0,29,21004,Critical
frame_21008.jpg,25,18,0,6,1,0,0,25,21008,High
frame_21012.jpg,26,18,0,6,2,0,0,26,21012,Critical
frame_21016.jpg,23,16,0,6,1,0,0,23,21016,High
frame_21020.jpg,26,19,0,6,1,0,0,26,21020,Critical
frame_21024.jpg,26,19,0,6,1,0,0,26,21024,Critical
frame_21028.jpg,22,15,0,6,1,0,0,22,21028,High
frame_21032.jpg,23,16,0,6,1,0,0,23,21032,High
frame_21036.jpg,25,18,0,6,1,0,0,25,21036,High
frame_21040.jpg,24,15,0,8,1,0,0,24,21040,High
frame_21044.jpg,25,17,0,7,1,0,0,25,21044,High
frame_21048.jpg,29,20,0,8,1,0,0,29,21048,Critical
frame_21052.jpg,28,18,0,9,1,0,0,28,21052,Critical
frame_21056.jpg,24,17,0,6,1,0,0,24,21056,High
frame_21060.jpg,23,16,0,6,1,0,0,23,21060,High
frame_21064.jpg,21,14,0,6,1,0,0,21,21064,High
frame_21068.jpg,20,12,0,7,1,0,0,20,21068,High
frame_21072.jpg,22,13,0,8,1,0,0,22,21072,High
frame_21076.jpg,21,12,0,8,1,0,0,21,21076,High
frame_21080.jpg,19,12,0,6,1,0,0,19,21080,High
frame_21084.jpg,24,16,0,7,1,0,0,24,21084,High
frame_21088.jpg,21,14,0,6,1,0,0,21,21088,High
frame_21092.jpg,19,11,0,7,1,0,0,19,21092,High
frame_21096.jpg,18,11,0,6,1,0,0,18,21096,High
frame_21100.jpg,19,13,0,5,1,0,0,19,21100,High
frame_21104.jpg,21,15,0,5,1,0,0,21,21104,High
frame_21108.jpg,21,14,0,6,1,0,0,21,21108,High
frame_21112.jpg,22,16,0,5,1,0,0,22,21112,High
frame_21116.jpg,25,18,0,6,1,0,0,25,21116,High
frame_21120.jpg,25,19,0,5,1,0,0,25,21120,High
frame_21124.jpg,24,18,0,5,1,0,0,24,21124,High
frame_21128.jpg,25,19,0,5,1,0,0,25,21128,High
frame_21132.jpg,26,20,0,5,1,0,0,26,21132,Critical
frame_21136.jpg,21,15,0,4,2,0,0,21,21136,High
frame_21140.jpg,21,15,0,5,1,0,0,21,21140,High
frame_21144.jpg,19,14,0,5,0,0,0,19,21144,High
frame_21148.jpg,28,21,0,6,1,0,1,29,21148,Critical
frame_21152.jpg,27,20,0,5,2,0,0,27,21152,Critical
frame_21156.jpg,24,19,0,4,1,0,1,25,21156,High
frame_21160.jpg,24,18,0,4,2,0,1,25,21160,High
frame_21164.jpg,21,13,0,6,2,0,1,22,21164,High
frame_21168.jpg,22,15,0,6,1,0,0,22,21168,High
frame_21172.jpg,22,16,0,6,0,0,1,23,21172,High
frame_21176.jpg,20,14,0,6,0,0,1,21,21176,High
frame_21180.jpg,18,12,0,6,0,0,1,19,21180,High
frame_21184.jpg,20,13,0,7,0,0,0,20,21184,High
frame_21188.jpg,22,15,0,7,0,0,1,23,21188,High
frame_21192.jpg,21,15,0,6,0,0,0,21,21192,High
frame_21196.jpg,18,10,0,8,0,0,1,19,21196,High
frame_21200.jpg,21,10,0,9,2,0,1,22,21200,High
frame_21204.jpg,20,10,0,8,2,0,0,20,21204,High
frame_21208.jpg,21,14,0,7,0,0,0,21,21208,High
frame_21212.jpg,21,13,0,6,2,0,0,21,21212,High
frame_21216.jpg,20,12,0,7,1,0,0,20,21216,High
frame_21220.jpg,23,16,0,7,0,0,0,23,21220,High
frame_21224.jpg,24,14,0,10,0,0,0,24,21224,High
frame_21228.jpg,23,14,0,8,1,0,0,23,21228,High
frame_21232.jpg,24,15,0,8,1,0,0,24,21232,High
frame_21236.jpg,29,17,0,10,2,0,0,29,21236,Critical
frame_21240.jpg,30,17,0,11,2,0,0,30,21240,Critical
frame_21244.jpg,31,18,1,11,1,0,0,31,21244,Critical
frame_21248.jpg,24,15,0,9,0,0,0,24,21248,High
frame_21252.jpg,26,15,0,10,1,0,0,26,21252,Critical
frame_21256.jpg,25,17,0,7,1,0,0,25,21256,High
frame_21260.jpg,25,16,0,8,1,0,0,25,21260,High
frame_21264.jpg,26,18,0,8,0,0,0,26,21264,Critical
frame_21268.jpg,27,17,0,8,2,0,0,27,21268,Critical
frame_21272.jpg,31,21,0,9,1,0,0,31,21272,Critical
frame_21276.jpg,21,12,0,9,0,0,0,21,21276,High
frame_21280.jpg,23,15,0,8,0,0,0,23,21280,High
frame_21284.jpg,20,12,0,8,0,0,0,20,21284,High
frame_21288.jpg,23,14,0,9,0,0,0,23,21288,High
frame_21292.jpg,23,14,0,9,0,0,0,23,21292,High
frame_21296.jpg,25,17,0,8,0,0,0,25,21296,High
frame_21300.jpg,26,17,0,8,1,0,0,26,21300,Critical
frame_21304.jpg,28,18,0,9,1,0,0,28,21304,Critical
frame_21308.jpg,27,17,0,9,1,0,0,27,21308,Critical
frame_21312.jpg,24,18,0,6,0,0,0,24,21312,High
frame_21316.jpg,24,17,0,7,0,0,0,24,21316,High
frame_21320.jpg,27,19,0,7,1,0,0,27,21320,Critical
frame_21324.jpg,28,19,0,9,0,0,0,28,21324,Critical
frame_21328.jpg,24,16,0,7,1,0,0,24,21328,High
frame_21332.jpg,22,15,0,7,0,0,0,22,21332,High
frame_21336.jpg,23,16,0,7,0,0,0,23,21336,High
frame_21340.jpg,26,19,0,7,0,0,0,26,21340,Critical
frame_21344.jpg,26,18,0,7,1,0,0,26,21344,Critical
frame_21348.jpg,25,18,0,7,0,0,0,25,21348,High
frame_21352.jpg,25,17,0,8,0,0,0,25,21352,High
frame_21356.jpg,25,16,0,9,0,0,0,25,21356,High
frame_21360.jpg,20,13,0,7,0,0,0,20,21360,High
frame_21364.jpg,24,16,0,8,0,0,0,24,21364,High
frame_21368.jpg,25,17,0,8,0,0,0,25,21368,High
frame_21372.jpg,21,13,0,8,0,0,0,21,21372,High
frame_21376.jpg,20,11,0,8,1,0,0,20,21376,High
frame_21380.jpg,21,13,0,8,0,0,0,21,21380,High
frame_21384.jpg,26,18,0,8,0,0,0,26,21384,Critical
frame_21388.jpg,23,15,0,8,0,0,0,23,21388,High
frame_21392.jpg,26,18,0,8,0,0,0,26,21392,Critical
frame_21396.jpg,27,18,1,8,0,0,0,27,21396,Critical
frame_21400.jpg,27,18,1,8,0,0,0,27,21400,Critical
frame_21404.jpg,27,20,0,7,0,0,0,27,21404,Critical
frame_21408.jpg,28,20,0,8,0,0,0,28,21408,Critical
frame_21412.jpg,29,21,0,8,0,0,0,29,21412,Critical
frame_21416.jpg,32,24,0,8,0,0,0,32,21416,Critical
frame_21420.jpg,31,22,1,8,0,0,0,31,21420,Critical
frame_21424.jpg,28,20,0,8,0,0,0,28,21424,Critical
frame_21428.jpg,26,20,0,6,0,0,0,26,21428,Critical
frame_21432.jpg,28,21,1,6,0,0,1,29,21432,Critical
frame_21436.jpg,27,20,0,7,0,0,0,27,21436,Critical
frame_21440.jpg,25,18,0,7,0,0,0,25,21440,High
frame_21444.jpg,28,21,0,7,0,0,0,28,21444,Critical
frame_21448.jpg,26,19,0,7,0,0,0,26,21448,Critical
frame_21452.jpg,25,18,0,7,0,0,0,25,21452,High
frame_21456.jpg,31,23,1,7,0,0,0,31,21456,Critical
frame_21460.jpg,31,23,0,8,0,0,0,31,21460,Critical
frame_21464.jpg,32,24,0,8,0,0,0,32,21464,Critical
frame_21468.jpg,29,21,0,8,0,0,0,29,21468,Critical
frame_21472.jpg,34,25,1,7,1,0,0,34,21472,Critical
frame_21476.jpg,31,23,0,7,1,0,0,31,21476,Critical
frame_21480.jpg,27,20,0,7,0,0,0,27,21480,Critical
frame_21484.jpg,29,20,0,7,2,0,0,29,21484,Critical
frame_21488.jpg,31,22,0,8,1,0,0,31,21488,Critical
frame_21492.jpg,29,20,0,8,1,0,0,29,21492,Critical
frame_21496.jpg,26,17,0,8,1,0,0,26,21496,Critical
frame_21500.jpg,25,14,1,9,1,0,0,25,21500,High
frame_21504.jpg,30,19,0,9,2,0,0,30,21504,Critical
frame_21508.jpg,27,16,0,9,2,0,0,27,21508,Critical
frame_21512.jpg,27,17,0,9,1,0,0,27,21512,Critical
frame_21516.jpg,27,17,0,9,1,0,0,27,21516,Critical
frame_21520.jpg,25,15,0,8,2,0,0,25,21520,High
frame_21524.jpg,27,19,0,7,1,0,0,27,21524,Critical
frame_21528.jpg,25,18,0,7,0,0,0,25,21528,High
frame_21532.jpg,27,18,0,8,1,0,0,27,21532,Critical
frame_21536.jpg,29,18,0,10,1,0,0,29,21536,Critical
frame_21540.jpg,31,21,0,8,2,0,0,31,21540,Critical
frame_21544.jpg,24,18,0,5,1,0,0,24,21544,High
frame_21548.jpg,24,19,0,4,1,0,0,24,21548,High
frame_21552.jpg,18,13,0,5,0,0,0,18,21552,High
frame_21556.jpg,24,20,0,4,0,0,0,24,21556,High
frame_21560.jpg,23,15,0,6,2,0,0,23,21560,High
frame_21564.jpg,25,19,0,5,1,0,0,25,21564,High
frame_21568.jpg,24,18,0,5,1,0,0,24,21568,High
frame_21572.jpg,23,18,0,5,0,0,0,23,21572,High
frame_21576.jpg,26,21,0,5,0,0,0,26,21576,Critical
frame_21580.jpg,28,22,0,6,0,0,0,28,21580,Critical
frame_21584.jpg,28,22,0,6,0,0,0,28,21584,Critical
frame_21588.jpg,30,24,0,6,0,0,0,30,21588,Critical
frame_21592.jpg,28,22,0,6,0,0,0,28,21592,Critical
frame_21596.jpg,30,23,1,6,0,0,0,30,21596,Critical
frame_21600.jpg,27,23,0,4,0,0,0,27,21600,Critical
frame_21604.jpg,31,26,0,5,0,0,1,32,21604,Critical
frame_21608.jpg,31,26,0,5,0,0,1,32,21608,Critical
frame_21612.jpg,27,22,1,3,1,0,1,28,21612,Critical
frame_21616.jpg,29,21,0,7,1,0,1,30,21616,Critical
frame_21620.jpg,30,24,0,5,1,0,0,30,21620,Critical
frame_21624.jpg,29,25,0,4,0,0,0,29,21624,Critical
frame_21628.jpg,34,28,0,6,0,0,0,34,21628,Critical
frame_21632.jpg,28,21,0,7,0,0,0,28,21632,Critical
frame_21636.jpg,28,23,0,5,0,0,0,28,21636,Critical
frame_21640.jpg,28,22,0,6,0,0,0,28,21640,Critical
frame_21644.jpg,31,24,0,7,0,0,0,31,21644,Critical
frame_21648.jpg,31,25,0,6,0,0,1,32,21648,Critical
frame_21652.jpg,29,23,0,6,0,0,0,29,21652,Critical
frame_21656.jpg,26,19,0,7,0,0,0,26,21656,Critical
frame_21660.jpg,25,21,0,4,0,0,0,25,21660,High
frame_21664.jpg,26,21,0,5,0,0,0,26,21664,Critical
frame_21668.jpg,25,18,0,6,1,0,0,25,21668,High
frame_21672.jpg,24,18,0,6,0,0,1,25,21672,High
frame_21676.jpg,27,20,0,7,0,0,1,28,21676,Critical
frame_21680.jpg,26,20,0,6,0,0,0,26,21680,Critical
frame_21684.jpg,24,18,0,6,0,0,0,24,21684,High
frame_21688.jpg,23,16,0,6,1,0,0,23,21688,High
frame_21692.jpg,27,20,0,7,0,0,0,27,21692,Critical
frame_21696.jpg,26,21,0,5,0,0,0,26,21696,Critical
frame_21700.jpg,25,19,0,6,0,0,1,26,21700,High
frame_21704.jpg,25,19,0,6,0,0,0,25,21704,High
frame_21708.jpg,26,20,0,6,0,0,0,26,21708,Critical
frame_21712.jpg,25,19,0,6,0,0,0,25,21712,High
frame_21716.jpg,22,17,0,5,0,0,0,22,21716,High
frame_21720.jpg,24,19,0,5,0,0,0,24,21720,High
frame_21724.jpg,26,21,0,5,0,0,0,26,21724,Critical
frame_21728.jpg,24,19,0,5,0,0,1,25,21728,High
frame_21732.jpg,22,18,0,4,0,0,0,22,21732,High
frame_21736.jpg,23,18,0,5,0,0,1,24,21736,High
frame_21740.jpg,27,22,0,5,0,0,0,27,21740,Critical
frame_21744.jpg,23,16,1,6,0,0,0,23,21744,High
frame_21748.jpg,30,21,0,9,0,0,0,30,21748,Critical
frame_21752.jpg,26,18,0,8,0,0,0,26,21752,Critical
frame_21756.jpg,20,15,0,5,0,0,0,20,21756,High
frame_21760.jpg,25,16,0,9,0,0,0,25,21760,High
frame_21764.jpg,23,15,0,8,0,0,0,23,21764,High
frame_21768.jpg,22,14,0,7,1,0,0,22,21768,High
frame_21772.jpg,24,15,0,9,0,0,1,25,21772,High
frame_21776.jpg,24,17,0,7,0,0,0,24,21776,High
frame_21780.jpg,25,17,0,8,0,0,0,25,21780,High
frame_21784.jpg,25,17,0,7,1,0,0,25,21784,High
frame_21788.jpg,27,19,0,8,0,0,0,27,21788,Critical
frame_21792.jpg,26,18,0,8,0,0,0,26,21792,Critical
frame_21796.jpg,24,16,0,8,0,0,1,25,21796,High
frame_21800.jpg,25,17,0,8,0,0,1,26,21800,High
frame_21804.jpg,26,19,0,7,0,0,1,27,21804,Critical
frame_21808.jpg,26,17,0,8,1,0,1,27,21808,Critical
frame_21812.jpg,23,16,0,7,0,0,0,23,21812,High
frame_21816.jpg,20,13,0,7,0,0,0,20,21816,High
frame_21820.jpg,21,12,0,9,0,0,0,21,21820,High
frame_21824.jpg,22,15,0,7,0,0,0,22,21824,High
frame_21828.jpg,26,19,0,7,0,0,0,26,21828,Critical
frame_21832.jpg,27,20,0,7,0,0,0,27,21832,Critical
frame_21836.jpg,22,14,0,8,0,0,0,22,21836,High
frame_21840.jpg,23,16,0,7,0,0,0,23,21840,High
frame_21844.jpg,24,18,0,6,0,0,0,24,21844,High
frame_21848.jpg,24,17,0,7,0,0,0,24,21848,High
frame_21852.jpg,23,16,0,7,0,0,0,23,21852,High
frame_21856.jpg,20,14,0,6,0,0,0,20,21856,High
frame_21860.jpg,20,12,0,8,0,0,0,20,21860,High
frame_21864.jpg,25,17,0,8,0,0,0,25,21864,High
frame_21868.jpg,24,17,0,7,0,0,0,24,21868,High
frame_21872.jpg,22,15,0,7,0,0,0,22,21872,High
frame_21876.jpg,23,16,0,7,0,0,0,23,21876,High
frame_21880.jpg,26,17,0,9,0,0,0,26,21880,Critical
frame_21884.jpg,27,18,0,9,0,0,0,27,21884,Critical
frame_21888.jpg,26,16,1,9,0,0,0,26,21888,Critical
frame_21892.jpg,28,19,0,9,0,0,0,28,21892,Critical
frame_21896.jpg,28,21,0,7,0,0,0,28,21896,Critical
frame_21900.jpg,24,16,0,8,0,0,0,24,21900,High
frame_21904.jpg,27,19,0,8,0,0,0,27,21904,Critical
frame_21908.jpg,26,15,0,11,0,0,0,26,21908,Critical
frame_21912.jpg,30,19,0,11,0,0,0,30,21912,Critical
frame_21916.jpg,29,22,0,7,0,0,0,29,21916,Critical
frame_21920.jpg,27,18,1,8,0,0,1,28,21920,Critical
frame_21924.jpg,26,19,0,7,0,0,0,26,21924,Critical
frame_21928.jpg,27,21,0,6,0,0,0,27,21928,Critical
frame_21932.jpg,30,24,0,6,0,0,0,30,21932,Critical
frame_21936.jpg,29,23,0,6,0,0,0,29,21936,Critical
frame_21940.jpg,28,23,0,5,0,0,0,28,21940,Critical
frame_21944.jpg,28,21,1,6,0,0,0,28,21944,Critical
frame_21948.jpg,29,21,0,8,0,0,0,29,21948,Critical
frame_21952.jpg,28,20,1,7,0,0,0,28,21952,Critical
frame_21956.jpg,32,24,1,7,0,0,0,32,21956,Critical
frame_21960.jpg,26,19,0,7,0,0,0,26,21960,Critical
frame_21964.jpg,27,20,0,7,0,0,0,27,21964,Critical
frame_21968.jpg,26,19,0,7,0,0,0,26,21968,Critical
frame_21972.jpg,26,18,0,8,0,0,0,26,21972,Critical
frame_21976.jpg,28,19,0,9,0,0,0,28,21976,Critical
frame_21980.jpg,24,16,0,8,0,0,0,24,21980,High
frame_21984.jpg,23,16,0,7,0,0,0,23,21984,High
frame_21988.jpg,23,15,0,8,0,0,0,23,21988,High
frame_21992.jpg,23,16,0,7,0,0,0,23,21992,High
frame_21996.jpg,25,17,0,8,0,0,0,25,21996,High
frame_22000.jpg,27,18,0,9,0,0,0,27,22000,Critical
frame_22004.jpg,28,19,0,9,0,0,0,28,22004,Critical
frame_22008.jpg,25,18,0,7,0,0,0,25,22008,High
frame_22012.jpg,24,17,0,7,0,0,0,24,22012,High
frame_22016.jpg,25,18,0,7,0,0,0,25,22016,High
frame_22020.jpg,24,17,0,7,0,0,0,24,22020,High
frame_22024.jpg,24,16,0,8,0,0,0,24,22024,High
frame_22028.jpg,26,17,0,9,0,0,0,26,22028,Critical
frame_22032.jpg,27,18,0,9,0,0,0,27,22032,Critical
frame_22036.jpg,26,19,0,7,0,0,0,26,22036,Critical
frame_22040.jpg,28,20,0,8,0,0,0,28,22040,Critical
frame_22044.jpg,27,19,0,8,0,0,0,27,22044,Critical
frame_22048.jpg,27,19,0,8,0,0,0,27,22048,Critical
frame_22052.jpg,30,21,0,9,0,0,0,30,22052,Critical
frame_22056.jpg,30,21,0,9,0,0,0,30,22056,Critical
frame_22060.jpg,32,22,0,10,0,0,0,32,22060,Critical
frame_22064.jpg,28,19,1,8,0,0,0,28,22064,Critical
frame_22068.jpg,31,21,1,9,0,0,0,31,22068,Critical
frame_22072.jpg,29,19,1,9,0,0,0,29,22072,Critical
frame_22076.jpg,28,20,1,7,0,0,0,28,22076,Critical
frame_22080.jpg,29,20,1,8,0,0,0,29,22080,Critical
frame_22084.jpg,31,20,1,10,0,0,0,31,22084,Critical
frame_22088.jpg,32,21,1,10,0,0,0,32,22088,Critical
frame_22092.jpg,34,24,1,9,0,0,0,34,22092,Critical
frame_22096.jpg,33,22,1,10,0,0,1,34,22096,Critical
frame_22100.jpg,34,23,1,10,0,0,1,35,22100,Critical
frame_22104.jpg,32,23,0,9,0,0,2,34,22104,Critical
frame_22108.jpg,31,23,0,8,0,0,1,32,22108,Critical
frame_22112.jpg,33,24,0,9,0,0,2,35,22112,Critical
frame_22116.jpg,33,24,0,9,0,0,1,34,22116,Critical
frame_22120.jpg,30,22,0,8,0,0,2,32,22120,Critical
frame_22124.jpg,28,20,0,8,0,0,1,29,22124,Critical
frame_22128.jpg,31,23,0,8,0,0,1,32,22128,Critical
frame_22132.jpg,29,21,0,8,0,0,1,30,22132,Critical
frame_22136.jpg,29,21,0,8,0,0,1,30,22136,Critical
frame_22140.jpg,29,21,0,8,0,0,1,30,22140,Critical
frame_22144.jpg,28,21,0,7,0,0,1,29,22144,Critical
frame_22148.jpg,29,21,1,7,0,0,1,30,22148,Critical
frame_22152.jpg,27,20,0,7,0,0,1,28,22152,Critical
frame_22156.jpg,27,19,0,8,0,0,1,28,22156,Critical
frame_22160.jpg,29,19,0,9,1,0,1,30,22160,Critical
frame_22164.jpg,29,20,0,9,0,0,1,30,22164,Critical
frame_22168.jpg,26,17,0,9,0,0,1,27,22168,Critical
frame_22172.jpg,30,19,0,11,0,0,1,31,22172,Critical
frame_22176.jpg,28,19,0,8,1,0,0,28,22176,Critical
frame_22180.jpg,35,25,0,9,1,0,1,36,22180,Critical
frame_22184.jpg,30,20,0,9,1,0,1,31,22184,Critical
frame_22188.jpg,28,20,0,7,1,0,1,29,22188,Critical
frame_22192.jpg,32,23,0,8,1,0,0,32,22192,Critical
frame_22196.jpg,29,21,0,8,0,0,0,29,22196,Critical
frame_22200.jpg,31,21,0,10,0,0,0,31,22200,Critical
frame_22204.jpg,29,21,0,8,0,0,0,29,22204,Critical
frame_22208.jpg,29,20,0,9,0,0,2,31,22208,Critical
frame_22212.jpg,29,19,0,10,0,0,2,31,22212,Critical
frame_22216.jpg,32,23,0,8,1,0,1,33,22216,Critical
frame_22220.jpg,31,23,0,8,0,0,1,32,22220,Critical
frame_22224.jpg,30,22,0,8,0,0,3,33,22224,Critical
frame_22228.jpg,24,17,0,7,0,0,0,24,22228,High
frame_22232.jpg,26,17,0,9,0,0,1,27,22232,Critical
frame_22236.jpg,29,22,0,7,0,0,2,31,22236,Critical
frame_22240.jpg,29,21,0,8,0,0,1,30,22240,Critical
frame_22244.jpg,30,21,0,9,0,0,0,30,22244,Critical
frame_22248.jpg,33,25,0,8,0,0,1,34,22248,Critical
frame_22252.jpg,32,20,0,11,1,0,1,33,22252,Critical
frame_22256.jpg,30,20,0,9,1,0,2,32,22256,Critical
frame_22260.jpg,36,23,0,11,2,0,1,37,22260,Critical
frame_22264.jpg,34,24,0,9,1,0,1,35,22264,Critical
frame_22268.jpg,33,23,0,9,1,0,1,34,22268,Critical
frame_22272.jpg,35,24,0,10,1,0,1,36,22272,Critical
frame_22276.jpg,34,26,0,7,1,0,1,35,22276,Critical
frame_22280.jpg,34,24,0,9,1,0,1,35,22280,Critical
frame_22284.jpg,38,25,0,12,1,0,1,39,22284,Critical
frame_22288.jpg,35,22,0,12,1,0,1,36,22288,Critical
frame_22292.jpg,33,23,0,9,1,0,1,34,22292,Critical
frame_22296.jpg,36,25,0,10,1,0,1,37,22296,Critical
frame_22300.jpg,27,19,0,8,0,0,1,28,22300,Critical
frame_22304.jpg,27,20,0,7,0,0,1,28,22304,Critical
frame_22308.jpg,26,18,0,8,0,0,1,27,22308,Critical
frame_22312.jpg,27,19,0,8,0,0,2,29,22312,Critical
frame_22316.jpg,27,20,0,7,0,0,2,29,22316,Critical
frame_22320.jpg,30,22,0,7,1,0,1,31,22320,Critical
frame_22324.jpg,31,23,0,7,1,0,1,32,22324,Critical
frame_22328.jpg,29,21,0,7,1,0,1,30,22328,Critical
frame_22332.jpg,31,23,0,8,0,0,1,32,22332,Critical
frame_22336.jpg,31,22,0,9,0,0,1,32,22336,Critical
frame_22340.jpg,31,20,0,11,0,0,1,32,22340,Critical
frame_22344.jpg,29,19,0,10,0,0,1,30,22344,Critical
frame_22348.jpg,30,20,0,10,0,0,1,31,22348,Critical
frame_22352.jpg,34,25,0,9,0,0,1,35,22352,Critical
frame_22356.jpg,31,22,0,9,0,0,2,33,22356,Critical
frame_22360.jpg,34,25,0,9,0,0,2,36,22360,Critical
frame_22364.jpg,36,25,0,10,1,0,1,37,22364,Critical
frame_22368.jpg,39,27,0,11,1,0,4,43,22368,Critical
frame_22372.jpg,37,28,0,8,1,0,2,39,22372,Critical
frame_22376.jpg,31,23,0,7,1,0,1,32,22376,Critical
frame_22380.jpg,29,22,0,6,1,0,2,31,22380,Critical
frame_22384.jpg,30,20,0,8,2,0,2,32,22384,Critical
frame_22388.jpg,30,21,0,8,1,0,2,32,22388,Critical
frame_22392.jpg,36,26,0,9,1,0,2,38,22392,Critical
frame_22396.jpg,33,23,0,8,2,0,1,34,22396,Critical
frame_22400.jpg,33,23,0,8,2,0,1,34,22400,Critical
frame_22404.jpg,31,22,0,8,1,0,1,32,22404,Critical
frame_22408.jpg,34,25,0,7,2,0,1,35,22408,Critical
frame_22412.jpg,33,25,0,7,1,0,2,35,22412,Critical
frame_22416.jpg,34,25,0,8,1,0,2,36,22416,Critical
frame_22420.jpg,33,25,0,7,1,0,1,34,22420,Critical
frame_22424.jpg,35,27,0,7,1,0,1,36,22424,Critical
frame_22428.jpg,31,23,0,7,1,0,2,33,22428,Critical
frame_22432.jpg,33,24,0,8,1,0,1,34,22432,Critical
frame_22436.jpg,33,25,0,8,0,0,1,34,22436,Critical
frame_22440.jpg,32,23,0,9,0,0,1,33,22440,Critical
frame_22444.jpg,34,23,0,10,1,0,1,35,22444,Critical
frame_22448.jpg,33,24,0,9,0,0,1,34,22448,Critical
frame_22452.jpg,35,23,0,11,1,0,1,36,22452,Critical
frame_22456.jpg,33,23,0,9,1,0,2,35,22456,Critical
frame_22460.jpg,32,23,0,9,0,0,1,33,22460,Critical
frame_22464.jpg,32,22,0,9,1,0,1,33,22464,Critical
frame_22468.jpg,33,22,0,11,0,0,1,34,22468,Critical
frame_22472.jpg,36,25,0,11,0,0,1,37,22472,Critical
frame_22476.jpg,33,23,0,10,0,0,1,34,22476,Critical
frame_22480.jpg,32,23,0,9,0,0,1,33,22480,Critical
frame_22484.jpg,32,22,0,9,1,0,1,33,22484,Critical
frame_22488.jpg,28,18,0,10,0,0,1,29,22488,Critical
frame_22492.jpg,33,22,0,11,0,0,1,34,22492,Critical
frame_22496.jpg,32,22,0,10,0,0,1,33,22496,Critical
frame_22500.jpg,30,18,0,12,0,0,1,31,22500,Critical
frame_22504.jpg,32,20,0,12,0,0,1,33,22504,Critical
frame_22508.jpg,34,22,0,11,1,0,1,35,22508,Critical
frame_22512.jpg,28,19,1,8,0,0,1,29,22512,Critical
frame_22516.jpg,30,19,0,11,0,0,1,31,22516,Critical
frame_22520.jpg,29,19,0,10,0,0,1,30,22520,Critical
frame_22524.jpg,32,22,0,10,0,0,1,33,22524,Critical
frame_22528.jpg,33,22,0,11,0,0,1,34,22528,Critical
frame_22532.jpg,33,21,1,11,0,0,1,34,22532,Critical
frame_22536.jpg,31,21,1,9,0,0,1,32,22536,Critical
frame_22540.jpg,34,23,1,10,0,0,1,35,22540,Critical
frame_22544.jpg,29,20,1,8,0,0,1,30,22544,Critical
frame_22548.jpg,28,19,1,8,0,0,1,29,22548,Critical
frame_22552.jpg,27,18,1,8,0,0,1,28,22552,Critical
frame_22556.jpg,28,20,1,7,0,0,1,29,22556,Critical
frame_22560.jpg,28,21,0,7,0,0,1,29,22560,Critical
frame_22564.jpg,28,21,0,7,0,0,1,29,22564,Critical
frame_22568.jpg,31,22,0,8,1,0,1,32,22568,Critical
frame_22572.jpg,30,23,0,7,0,0,1,31,22572,Critical
frame_22576.jpg,31,23,1,7,0,0,1,32,22576,Critical
frame_22580.jpg,28,21,0,7,0,0,1,29,22580,Critical
frame_22584.jpg,32,23,1,8,0,0,0,32,22584,Critical
frame_22588.jpg,35,24,2,9,0,0,1,36,22588,Critical
frame_22592.jpg,27,20,0,7,0,0,1,28,22592,Critical
frame_22596.jpg,28,20,0,8,0,0,1,29,22596,Critical
frame_22600.jpg,27,20,0,7,0,0,1,28,22600,Critical
frame_22604.jpg,29,21,0,8,0,0,1,30,22604,Critical
frame_22608.jpg,32,25,0,7,0,0,0,32,22608,Critical
frame_22612.jpg,27,21,0,6,0,0,1,28,22612,Critical
frame_22616.jpg,28,20,0,8,0,0,1,29,22616,Critical
frame_22620.jpg,28,22,0,6,0,0,1,29,22620,Critical
frame_22624.jpg,26,19,0,6,1,0,1,27,22624,Critical
frame_22628.jpg,28,22,0,5,1,0,1,29,22628,Critical
frame_22632.jpg,27,19,0,7,1,0,1,28,22632,Critical
frame_22636.jpg,28,21,0,6,1,0,1,29,22636,Critical
frame_22640.jpg,28,21,0,7,0,0,1,29,22640,Critical
frame_22644.jpg,33,24,1,8,0,0,1,34,22644,Critical
frame_22648.jpg,31,23,0,8,0,0,1,32,22648,Critical
frame_22652.jpg,33,24,0,9,0,0,1,34,22652,Critical
frame_22656.jpg,31,21,0,10,0,0,1,32,22656,Critical
frame_22660.jpg,29,20,0,9,0,0,1,30,22660,Critical
frame_22664.jpg,30,20,0,10,0,0,1,31,22664,Critical
frame_22668.jpg,30,22,0,8,0,0,0,30,22668,Critical
frame_22672.jpg,31,24,0,7,0,0,1,32,22672,Critical
frame_22676.jpg,35,28,0,7,0,0,1,36,22676,Critical
frame_22680.jpg,35,26,1,8,0,0,0,35,22680,Critical
frame_22684.jpg,33,25,0,8,0,0,0,33,22684,Critical
frame_22688.jpg,29,22,0,7,0,0,0,29,22688,Critical
frame_22692.jpg,30,22,1,7,0,0,0,30,22692,Critical
frame_22696.jpg,29,22,0,7,0,0,2,31,22696,Critical
frame_22700.jpg,33,25,0,7,1,0,2,35,22700,Critical
frame_22704.jpg,27,19,0,7,1,0,1,28,22704,Critical
frame_22708.jpg,31,22,1,8,0,0,0,31,22708,Critical
frame_22712.jpg,27,20,0,7,0,0,1,28,22712,Critical
frame_22716.jpg,25,16,0,9,0,0,0,25,22716,High
frame_22720.jpg,28,18,0,9,1,0,0,28,22720,Critical
frame_22724.jpg,31,19,1,10,1,0,0,31,22724,Critical
frame_22728.jpg,27,17,0,9,1,0,2,29,22728,Critical
frame_22732.jpg,30,17,1,11,1,0,3,33,22732,Critical
frame_22736.jpg,24,15,1,8,0,0,0,24,22736,High
frame_22740.jpg,28,17,0,10,1,0,0,28,22740,Critical
frame_22744.jpg,31,19,1,11,0,0,0,31,22744,Critical
frame_22748.jpg,31,20,1,10,0,0,0,31,22748,Critical
frame_22752.jpg,34,23,0,11,0,0,1,35,22752,Critical
frame_22756.jpg,35,22,1,12,0,0,0,35,22756,Critical
frame_22760.jpg,35,24,0,11,0,0,0,35,22760,Critical
frame_22764.jpg,33,22,0,11,0,0,1,34,22764,Critical
frame_22768.jpg,33,24,0,9,0,0,0,33,22768,Critical
frame_22772.jpg,30,22,0,8,0,0,0,30,22772,Critical
frame_22776.jpg,31,22,0,8,1,0,0,31,22776,Critical
frame_22780.jpg,33,24,0,9,0,0,0,33,22780,Critical
frame_22784.jpg,27,21,0,6,0,0,0,27,22784,Critical
frame_22788.jpg,30,25,0,5,0,0,0,30,22788,Critical
frame_22792.jpg,31,21,0,9,1,0,0,31,22792,Critical
frame_22796.jpg,29,20,0,8,1,0,0,29,22796,Critical
